artistId,artistName,generation,connectionType,targetId
6Xgp2XMz1fhVYe7i6yNAax,Trippie Redd,0,,
6Xgp2XMz1fhVYe7i6yNAax,Trippie Redd,0,explored,4O15NlyKLIASxsJ0PrXPfz
6Xgp2XMz1fhVYe7i6yNAax,Trippie Redd,0,explored,4MCBfE4596Uoi2O4DtmEMz
6Xgp2XMz1fhVYe7i6yNAax,Trippie Redd,0,explored,6icQOAFXDZKsumw3YXyusw
6Xgp2XMz1fhVYe7i6yNAax,Trippie Redd,0,explored,46SHBwWsqBkxI7EeeBEQG7
6Xgp2XMz1fhVYe7i6yNAax,Trippie Redd,0,explored,50co4Is1HCEo8bhOyUWKpn
6Xgp2XMz1fhVYe7i6yNAax,Trippie Redd,0,related,4Ga1P7PMIsmqEZqhYZQgDo
6Xgp2XMz1fhVYe7i6yNAax,Trippie Redd,0,related,1URnnhqYAYcrqrcwql10ft
6Xgp2XMz1fhVYe7i6yNAax,Trippie Redd,0,related,1RyvyyTE3xzB2ZywiAwp0i
6Xgp2XMz1fhVYe7i6yNAax,Trippie Redd,0,related,31W5EY0aAly4Qieq6OFu6I
6Xgp2XMz1fhVYe7i6yNAax,Trippie Redd,0,related,0Y5tJX1MQlPlqiwlOH1tJY
6Xgp2XMz1fhVYe7i6yNAax,Trippie Redd,0,related,5f7VJjfbwm532GiveGC0ZK
6Xgp2XMz1fhVYe7i6yNAax,Trippie Redd,0,related,699OTQXzgjhIYAHMy9RyPD
6Xgp2XMz1fhVYe7i6yNAax,Trippie Redd,0,related,15UsOTVnJzReFVN1VCnxy4
6Xgp2XMz1fhVYe7i6yNAax,Trippie Redd,0,related,0YinUQ50QDB7ZxSCLyQ40k
6Xgp2XMz1fhVYe7i6yNAax,Trippie Redd,0,related,7rkW85dBwwrJtlHRDkJDAC
6Xgp2XMz1fhVYe7i6yNAax,Trippie Redd,0,related,3TVXtAsR1Inumwj472S9r4
6Xgp2XMz1fhVYe7i6yNAax,Trippie Redd,0,related,5SXuuuRpukkTvsLuUknva1
6Xgp2XMz1fhVYe7i6yNAax,Trippie Redd,0,related,1cNDP5yjU5vjeR8qMf4grg
6Xgp2XMz1fhVYe7i6yNAax,Trippie Redd,0,related,13ubrt8QOOCPljQ2FL1Kca
6Xgp2XMz1fhVYe7i6yNAax,Trippie Redd,0,related,2rhFzFmezpnW82MNqEKVry
4O15NlyKLIASxsJ0PrXPfz,Lil Uzi Vert,1,,
4O15NlyKLIASxsJ0PrXPfz,Lil Uzi Vert,1,explored,699OTQXzgjhIYAHMy9RyPD
4O15NlyKLIASxsJ0PrXPfz,Lil Uzi Vert,1,explored,4Ga1P7PMIsmqEZqhYZQgDo
4O15NlyKLIASxsJ0PrXPfz,Lil Uzi Vert,1,explored,1RyvyyTE3xzB2ZywiAwp0i
4O15NlyKLIASxsJ0PrXPfz,Lil Uzi Vert,1,explored,0Y5tJX1MQlPlqiwlOH1tJY
4O15NlyKLIASxsJ0PrXPfz,Lil Uzi Vert,1,explored,1URnnhqYAYcrqrcwql10ft
4O15NlyKLIASxsJ0PrXPfz,Lil Uzi Vert,1,related,6Xgp2XMz1fhVYe7i6yNAax
4O15NlyKLIASxsJ0PrXPfz,Lil Uzi Vert,1,related,6icQOAFXDZKsumw3YXyusw
4O15NlyKLIASxsJ0PrXPfz,Lil Uzi Vert,1,related,50co4Is1HCEo8bhOyUWKpn
4O15NlyKLIASxsJ0PrXPfz,Lil Uzi Vert,1,related,0YinUQ50QDB7ZxSCLyQ40k
4O15NlyKLIASxsJ0PrXPfz,Lil Uzi Vert,1,related,46SHBwWsqBkxI7EeeBEQG7
4O15NlyKLIASxsJ0PrXPfz,Lil Uzi Vert,1,related,4MCBfE4596Uoi2O4DtmEMz
4O15NlyKLIASxsJ0PrXPfz,Lil Uzi Vert,1,related,7rkW85dBwwrJtlHRDkJDAC
4O15NlyKLIASxsJ0PrXPfz,Lil Uzi Vert,1,related,0iEtIxbK0KxaSlF7G42ZOp
4O15NlyKLIASxsJ0PrXPfz,Lil Uzi Vert,1,related,5f7VJjfbwm532GiveGC0ZK
4O15NlyKLIASxsJ0PrXPfz,Lil Uzi Vert,1,related,15iVAtD3s3FsQR4w1v6M0P
4O15NlyKLIASxsJ0PrXPfz,Lil Uzi Vert,1,related,6oMuImdp5ZcFhWP0ESe6mG
4O15NlyKLIASxsJ0PrXPfz,Lil Uzi Vert,1,related,5SXuuuRpukkTvsLuUknva1
4O15NlyKLIASxsJ0PrXPfz,Lil Uzi Vert,1,related,3TVXtAsR1Inumwj472S9r4
4O15NlyKLIASxsJ0PrXPfz,Lil Uzi Vert,1,related,4r63FhuTkUYltbVAg5TQnk
4O15NlyKLIASxsJ0PrXPfz,Lil Uzi Vert,1,related,0ErzCpIMyLcjPiwT4elrtZ
4MCBfE4596Uoi2O4DtmEMz,Juice WRLD,1,,
4MCBfE4596Uoi2O4DtmEMz,Juice WRLD,1,explored,15UsOTVnJzReFVN1VCnxy4
4MCBfE4596Uoi2O4DtmEMz,Juice WRLD,1,explored,6AgTAQt8XS6jRWi4sX7w49
4MCBfE4596Uoi2O4DtmEMz,Juice WRLD,1,explored,1cNDP5yjU5vjeR8qMf4grg
4MCBfE4596Uoi2O4DtmEMz,Juice WRLD,1,explored,757aE44tKEUQEqRuT6GnEB
4MCBfE4596Uoi2O4DtmEMz,Juice WRLD,1,explored,6ASri4ePR7RlsvIQgWPJpS
4MCBfE4596Uoi2O4DtmEMz,Juice WRLD,1,related,6Xgp2XMz1fhVYe7i6yNAax
4MCBfE4596Uoi2O4DtmEMz,Juice WRLD,1,related,4O15NlyKLIASxsJ0PrXPfz
4MCBfE4596Uoi2O4DtmEMz,Juice WRLD,1,related,4Ga1P7PMIsmqEZqhYZQgDo
4MCBfE4596Uoi2O4DtmEMz,Juice WRLD,1,related,6MPCFvOQv5cIGfw3jODMF0
4MCBfE4596Uoi2O4DtmEMz,Juice WRLD,1,related,4r63FhuTkUYltbVAg5TQnk
4MCBfE4596Uoi2O4DtmEMz,Juice WRLD,1,related,6jGMq4yGs7aQzuGsMgVgZR
4MCBfE4596Uoi2O4DtmEMz,Juice WRLD,1,related,2tIP7SsRs7vjIcLrU85W8J
4MCBfE4596Uoi2O4DtmEMz,Juice WRLD,1,related,0Y5tJX1MQlPlqiwlOH1tJY
4MCBfE4596Uoi2O4DtmEMz,Juice WRLD,1,related,5zctI4wO9XSKS8XwcnqEHk
4MCBfE4596Uoi2O4DtmEMz,Juice WRLD,1,related,1URnnhqYAYcrqrcwql10ft
4MCBfE4596Uoi2O4DtmEMz,Juice WRLD,1,related,0ErzCpIMyLcjPiwT4elrtZ
4MCBfE4596Uoi2O4DtmEMz,Juice WRLD,1,related,5f7VJjfbwm532GiveGC0ZK
4MCBfE4596Uoi2O4DtmEMz,Juice WRLD,1,related,31W5EY0aAly4Qieq6OFu6I
4MCBfE4596Uoi2O4DtmEMz,Juice WRLD,1,related,1RyvyyTE3xzB2ZywiAwp0i
4MCBfE4596Uoi2O4DtmEMz,Juice WRLD,1,related,0YinUQ50QDB7ZxSCLyQ40k
6icQOAFXDZKsumw3YXyusw,Lil Yachty,1,,
6icQOAFXDZKsumw3YXyusw,Lil Yachty,1,explored,5yPzzu25VzEk8qrGTLIrE1
6icQOAFXDZKsumw3YXyusw,Lil Yachty,1,explored,5SXuuuRpukkTvsLuUknva1
6icQOAFXDZKsumw3YXyusw,Lil Yachty,1,explored,3qiHUAX7zY4Qnjx8TNUzVx
6icQOAFXDZKsumw3YXyusw,Lil Yachty,1,explored,3gBZUcNeVumkeeJ19CY2sX
6icQOAFXDZKsumw3YXyusw,Lil Yachty,1,explored,0VRj0yCOv2FXJNP47XQnx5
6icQOAFXDZKsumw3YXyusw,Lil Yachty,1,related,4O15NlyKLIASxsJ0PrXPfz
6icQOAFXDZKsumw3YXyusw,Lil Yachty,1,related,50co4Is1HCEo8bhOyUWKpn
6icQOAFXDZKsumw3YXyusw,Lil Yachty,1,related,699OTQXzgjhIYAHMy9RyPD
6icQOAFXDZKsumw3YXyusw,Lil Yachty,1,related,6Xgp2XMz1fhVYe7i6yNAax
6icQOAFXDZKsumw3YXyusw,Lil Yachty,1,related,1RyvyyTE3xzB2ZywiAwp0i
6icQOAFXDZKsumw3YXyusw,Lil Yachty,1,related,1URnnhqYAYcrqrcwql10ft
6icQOAFXDZKsumw3YXyusw,Lil Yachty,1,related,46SHBwWsqBkxI7EeeBEQG7
6icQOAFXDZKsumw3YXyusw,Lil Yachty,1,related,4Ga1P7PMIsmqEZqhYZQgDo
6icQOAFXDZKsumw3YXyusw,Lil Yachty,1,related,2hlmm7s2ICUX0LVIhVFlZQ
6icQOAFXDZKsumw3YXyusw,Lil Yachty,1,related,13ubrt8QOOCPljQ2FL1Kca
6icQOAFXDZKsumw3YXyusw,Lil Yachty,1,related,15iVAtD3s3FsQR4w1v6M0P
6icQOAFXDZKsumw3YXyusw,Lil Yachty,1,related,3VrGfWE8YdYMK4ySpnE0ly
6icQOAFXDZKsumw3YXyusw,Lil Yachty,1,related,0Y5tJX1MQlPlqiwlOH1tJY
6icQOAFXDZKsumw3YXyusw,Lil Yachty,1,related,0iEtIxbK0KxaSlF7G42ZOp
6icQOAFXDZKsumw3YXyusw,Lil Yachty,1,related,0YinUQ50QDB7ZxSCLyQ40k
46SHBwWsqBkxI7EeeBEQG7,Kodak Black,1,,
46SHBwWsqBkxI7EeeBEQG7,Kodak Black,1,explored,13y7CgLHjMVRMDqxdx0Xdo
46SHBwWsqBkxI7EeeBEQG7,Kodak Black,1,explored,5f7VJjfbwm532GiveGC0ZK
46SHBwWsqBkxI7EeeBEQG7,Kodak Black,1,explored,6oMuImdp5ZcFhWP0ESe6mG
46SHBwWsqBkxI7EeeBEQG7,Kodak Black,1,explored,1pPmIToKXyGdsCF6LmqLmI
46SHBwWsqBkxI7EeeBEQG7,Kodak Black,1,explored,2hlmm7s2ICUX0LVIhVFlZQ
46SHBwWsqBkxI7EeeBEQG7,Kodak Black,1,related,1RyvyyTE3xzB2ZywiAwp0i
46SHBwWsqBkxI7EeeBEQG7,Kodak Black,1,related,50co4Is1HCEo8bhOyUWKpn
46SHBwWsqBkxI7EeeBEQG7,Kodak Black,1,related,1URnnhqYAYcrqrcwql10ft
46SHBwWsqBkxI7EeeBEQG7,Kodak Black,1,related,6Xgp2XMz1fhVYe7i6yNAax
46SHBwWsqBkxI7EeeBEQG7,Kodak Black,1,related,4O15NlyKLIASxsJ0PrXPfz
46SHBwWsqBkxI7EeeBEQG7,Kodak Black,1,related,6icQOAFXDZKsumw3YXyusw
46SHBwWsqBkxI7EeeBEQG7,Kodak Black,1,related,0VRj0yCOv2FXJNP47XQnx5
46SHBwWsqBkxI7EeeBEQG7,Kodak Black,1,related,0RESbWvOMyua0yuyVrztJ5
46SHBwWsqBkxI7EeeBEQG7,Kodak Black,1,related,15iVAtD3s3FsQR4w1v6M0P
46SHBwWsqBkxI7EeeBEQG7,Kodak Black,1,related,0YinUQ50QDB7ZxSCLyQ40k
46SHBwWsqBkxI7EeeBEQG7,Kodak Black,1,related,55Aa2cqylxrFIXC767Z865
46SHBwWsqBkxI7EeeBEQG7,Kodak Black,1,related,3hcs9uc56yIGFCSy9leWe7
46SHBwWsqBkxI7EeeBEQG7,Kodak Black,1,related,31W5EY0aAly4Qieq6OFu6I
46SHBwWsqBkxI7EeeBEQG7,Kodak Black,1,related,5yPzzu25VzEk8qrGTLIrE1
46SHBwWsqBkxI7EeeBEQG7,Kodak Black,1,related,3tJoFztHeIJkJWMrx0td2f
50co4Is1HCEo8bhOyUWKpn,Young Thug,1,,
50co4Is1HCEo8bhOyUWKpn,Young Thug,1,explored,4DdkRBBYG6Yk9Ka8tdJ9BW
50co4Is1HCEo8bhOyUWKpn,Young Thug,1,explored,0YinUQ50QDB7ZxSCLyQ40k
50co4Is1HCEo8bhOyUWKpn,Young Thug,1,explored,3TVXtAsR1Inumwj472S9r4
50co4Is1HCEo8bhOyUWKpn,Young Thug,1,explored,4Gso3d4CscCijv0lmajZWs
50co4Is1HCEo8bhOyUWKpn,Young Thug,1,explored,0iEtIxbK0KxaSlF7G42ZOp
50co4Is1HCEo8bhOyUWKpn,Young Thug,1,related,1RyvyyTE3xzB2ZywiAwp0i
50co4Is1HCEo8bhOyUWKpn,Young Thug,1,related,2hlmm7s2ICUX0LVIhVFlZQ
50co4Is1HCEo8bhOyUWKpn,Young Thug,1,related,5f7VJjfbwm532GiveGC0ZK
50co4Is1HCEo8bhOyUWKpn,Young Thug,1,related,4O15NlyKLIASxsJ0PrXPfz
50co4Is1HCEo8bhOyUWKpn,Young Thug,1,related,0VRj0yCOv2FXJNP47XQnx5
50co4Is1HCEo8bhOyUWKpn,Young Thug,1,related,6icQOAFXDZKsumw3YXyusw
50co4Is1HCEo8bhOyUWKpn,Young Thug,1,related,0Y5tJX1MQlPlqiwlOH1tJY
50co4Is1HCEo8bhOyUWKpn,Young Thug,1,related,699OTQXzgjhIYAHMy9RyPD
50co4Is1HCEo8bhOyUWKpn,Young Thug,1,related,46SHBwWsqBkxI7EeeBEQG7
50co4Is1HCEo8bhOyUWKpn,Young Thug,1,related,1URnnhqYAYcrqrcwql10ft
50co4Is1HCEo8bhOyUWKpn,Young Thug,1,related,6oMuImdp5ZcFhWP0ESe6mG
50co4Is1HCEo8bhOyUWKpn,Young Thug,1,related,6Xgp2XMz1fhVYe7i6yNAax
50co4Is1HCEo8bhOyUWKpn,Young Thug,1,related,4Ga1P7PMIsmqEZqhYZQgDo
50co4Is1HCEo8bhOyUWKpn,Young Thug,1,related,13y7CgLHjMVRMDqxdx0Xdo
50co4Is1HCEo8bhOyUWKpn,Young Thug,1,related,5yPzzu25VzEk8qrGTLIrE1
699OTQXzgjhIYAHMy9RyPD,Playboi Carti,2,,
699OTQXzgjhIYAHMy9RyPD,Playboi Carti,2,explored,13ubrt8QOOCPljQ2FL1Kca
699OTQXzgjhIYAHMy9RyPD,Playboi Carti,2,explored,2YZyLoL8N0Wb9xBt1NhZWg
699OTQXzgjhIYAHMy9RyPD,Playboi Carti,2,explored,2RDOrhPqAM4jzTRCEb19qX
699OTQXzgjhIYAHMy9RyPD,Playboi Carti,2,explored,5K4W6rqBFWDnAN6FQUkS6x
699OTQXzgjhIYAHMy9RyPD,Playboi Carti,2,explored,15iVAtD3s3FsQR4w1v6M0P
699OTQXzgjhIYAHMy9RyPD,Playboi Carti,2,related,0Y5tJX1MQlPlqiwlOH1tJY
699OTQXzgjhIYAHMy9RyPD,Playboi Carti,2,related,1RyvyyTE3xzB2ZywiAwp0i
699OTQXzgjhIYAHMy9RyPD,Playboi Carti,2,related,4Gso3d4CscCijv0lmajZWs
699OTQXzgjhIYAHMy9RyPD,Playboi Carti,2,related,4O15NlyKLIASxsJ0PrXPfz
699OTQXzgjhIYAHMy9RyPD,Playboi Carti,2,related,4Ga1P7PMIsmqEZqhYZQgDo
699OTQXzgjhIYAHMy9RyPD,Playboi Carti,2,related,50co4Is1HCEo8bhOyUWKpn
699OTQXzgjhIYAHMy9RyPD,Playboi Carti,2,related,0iEtIxbK0KxaSlF7G42ZOp
699OTQXzgjhIYAHMy9RyPD,Playboi Carti,2,related,6icQOAFXDZKsumw3YXyusw
699OTQXzgjhIYAHMy9RyPD,Playboi Carti,2,related,1URnnhqYAYcrqrcwql10ft
699OTQXzgjhIYAHMy9RyPD,Playboi Carti,2,related,3qiHUAX7zY4Qnjx8TNUzVx
699OTQXzgjhIYAHMy9RyPD,Playboi Carti,2,related,3gBZUcNeVumkeeJ19CY2sX
699OTQXzgjhIYAHMy9RyPD,Playboi Carti,2,related,3TVXtAsR1Inumwj472S9r4
699OTQXzgjhIYAHMy9RyPD,Playboi Carti,2,related,6Xgp2XMz1fhVYe7i6yNAax
699OTQXzgjhIYAHMy9RyPD,Playboi Carti,2,related,5SXuuuRpukkTvsLuUknva1
699OTQXzgjhIYAHMy9RyPD,Playboi Carti,2,related,2hlmm7s2ICUX0LVIhVFlZQ
4Ga1P7PMIsmqEZqhYZQgDo,Lil Tecca,2,,
4Ga1P7PMIsmqEZqhYZQgDo,Lil Tecca,2,explored,0ErzCpIMyLcjPiwT4elrtZ
4Ga1P7PMIsmqEZqhYZQgDo,Lil Tecca,2,explored,2SJhf6rTOU53g8yBdAjPby
4Ga1P7PMIsmqEZqhYZQgDo,Lil Tecca,2,related,4O15NlyKLIASxsJ0PrXPfz
4Ga1P7PMIsmqEZqhYZQgDo,Lil Tecca,2,related,699OTQXzgjhIYAHMy9RyPD
4Ga1P7PMIsmqEZqhYZQgDo,Lil Tecca,2,related,0Y5tJX1MQlPlqiwlOH1tJY
4Ga1P7PMIsmqEZqhYZQgDo,Lil Tecca,2,related,4Gso3d4CscCijv0lmajZWs
4Ga1P7PMIsmqEZqhYZQgDo,Lil Tecca,2,related,0YinUQ50QDB7ZxSCLyQ40k
4Ga1P7PMIsmqEZqhYZQgDo,Lil Tecca,2,related,50co4Is1HCEo8bhOyUWKpn
4Ga1P7PMIsmqEZqhYZQgDo,Lil Tecca,2,related,6Xgp2XMz1fhVYe7i6yNAax
4Ga1P7PMIsmqEZqhYZQgDo,Lil Tecca,2,related,6icQOAFXDZKsumw3YXyusw
4Ga1P7PMIsmqEZqhYZQgDo,Lil Tecca,2,related,1RyvyyTE3xzB2ZywiAwp0i
4Ga1P7PMIsmqEZqhYZQgDo,Lil Tecca,2,related,1URnnhqYAYcrqrcwql10ft
4Ga1P7PMIsmqEZqhYZQgDo,Lil Tecca,2,related,0iEtIxbK0KxaSlF7G42ZOp
4Ga1P7PMIsmqEZqhYZQgDo,Lil Tecca,2,related,2hlmm7s2ICUX0LVIhVFlZQ
4Ga1P7PMIsmqEZqhYZQgDo,Lil Tecca,2,related,5f7VJjfbwm532GiveGC0ZK
4Ga1P7PMIsmqEZqhYZQgDo,Lil Tecca,2,related,3qiHUAX7zY4Qnjx8TNUzVx
4Ga1P7PMIsmqEZqhYZQgDo,Lil Tecca,2,related,2RDOrhPqAM4jzTRCEb19qX
4Ga1P7PMIsmqEZqhYZQgDo,Lil Tecca,2,related,3TVXtAsR1Inumwj472S9r4
4Ga1P7PMIsmqEZqhYZQgDo,Lil Tecca,2,related,4MCBfE4596Uoi2O4DtmEMz
4Ga1P7PMIsmqEZqhYZQgDo,Lil Tecca,2,related,3gBZUcNeVumkeeJ19CY2sX
1RyvyyTE3xzB2ZywiAwp0i,Future,2,,
1RyvyyTE3xzB2ZywiAwp0i,Future,2,explored,7c0XG5cIJTrrAgEC3ULPiq
1RyvyyTE3xzB2ZywiAwp0i,Future,2,explored,55Aa2cqylxrFIXC767Z865
1RyvyyTE3xzB2ZywiAwp0i,Future,2,explored,6l3HvQ5sa6mXTsMTB19rO5
1RyvyyTE3xzB2ZywiAwp0i,Future,2,related,1URnnhqYAYcrqrcwql10ft
1RyvyyTE3xzB2ZywiAwp0i,Future,2,related,0iEtIxbK0KxaSlF7G42ZOp
1RyvyyTE3xzB2ZywiAwp0i,Future,2,related,0Y5tJX1MQlPlqiwlOH1tJY
1RyvyyTE3xzB2ZywiAwp0i,Future,2,related,50co4Is1HCEo8bhOyUWKpn
1RyvyyTE3xzB2ZywiAwp0i,Future,2,related,3TVXtAsR1Inumwj472S9r4
1RyvyyTE3xzB2ZywiAwp0i,Future,2,related,5f7VJjfbwm532GiveGC0ZK
1RyvyyTE3xzB2ZywiAwp0i,Future,2,related,0VRj0yCOv2FXJNP47XQnx5
1RyvyyTE3xzB2ZywiAwp0i,Future,2,related,2hlmm7s2ICUX0LVIhVFlZQ
1RyvyyTE3xzB2ZywiAwp0i,Future,2,related,699OTQXzgjhIYAHMy9RyPD
1RyvyyTE3xzB2ZywiAwp0i,Future,2,related,4Gso3d4CscCijv0lmajZWs
1RyvyyTE3xzB2ZywiAwp0i,Future,2,related,4O15NlyKLIASxsJ0PrXPfz
1RyvyyTE3xzB2ZywiAwp0i,Future,2,related,46SHBwWsqBkxI7EeeBEQG7
1RyvyyTE3xzB2ZywiAwp0i,Future,2,related,13ubrt8QOOCPljQ2FL1Kca
1RyvyyTE3xzB2ZywiAwp0i,Future,2,related,0YinUQ50QDB7ZxSCLyQ40k
1RyvyyTE3xzB2ZywiAwp0i,Future,2,related,6icQOAFXDZKsumw3YXyusw
1RyvyyTE3xzB2ZywiAwp0i,Future,2,related,4DdkRBBYG6Yk9Ka8tdJ9BW
1RyvyyTE3xzB2ZywiAwp0i,Future,2,related,5K4W6rqBFWDnAN6FQUkS6x
0Y5tJX1MQlPlqiwlOH1tJY,Travis Scott,2,,
0Y5tJX1MQlPlqiwlOH1tJY,Travis Scott,2,explored,1Xyo4u8uXC1ZmMpatF05PJ
0Y5tJX1MQlPlqiwlOH1tJY,Travis Scott,2,related,0iEtIxbK0KxaSlF7G42ZOp
0Y5tJX1MQlPlqiwlOH1tJY,Travis Scott,2,related,4Gso3d4CscCijv0lmajZWs
0Y5tJX1MQlPlqiwlOH1tJY,Travis Scott,2,related,1RyvyyTE3xzB2ZywiAwp0i
0Y5tJX1MQlPlqiwlOH1tJY,Travis Scott,2,related,1URnnhqYAYcrqrcwql10ft
0Y5tJX1MQlPlqiwlOH1tJY,Travis Scott,2,related,699OTQXzgjhIYAHMy9RyPD
0Y5tJX1MQlPlqiwlOH1tJY,Travis Scott,2,related,3TVXtAsR1Inumwj472S9r4
0Y5tJX1MQlPlqiwlOH1tJY,Travis Scott,2,related,13ubrt8QOOCPljQ2FL1Kca
0Y5tJX1MQlPlqiwlOH1tJY,Travis Scott,2,related,5K4W6rqBFWDnAN6FQUkS6x
0Y5tJX1MQlPlqiwlOH1tJY,Travis Scott,2,related,2YZyLoL8N0Wb9xBt1NhZWg
0Y5tJX1MQlPlqiwlOH1tJY,Travis Scott,2,related,7c0XG5cIJTrrAgEC3ULPiq
0Y5tJX1MQlPlqiwlOH1tJY,Travis Scott,2,related,50co4Is1HCEo8bhOyUWKpn
0Y5tJX1MQlPlqiwlOH1tJY,Travis Scott,2,related,4O15NlyKLIASxsJ0PrXPfz
0Y5tJX1MQlPlqiwlOH1tJY,Travis Scott,2,related,4Ga1P7PMIsmqEZqhYZQgDo
0Y5tJX1MQlPlqiwlOH1tJY,Travis Scott,2,related,0YinUQ50QDB7ZxSCLyQ40k
0Y5tJX1MQlPlqiwlOH1tJY,Travis Scott,2,related,0VRj0yCOv2FXJNP47XQnx5
0Y5tJX1MQlPlqiwlOH1tJY,Travis Scott,2,related,2RDOrhPqAM4jzTRCEb19qX
0Y5tJX1MQlPlqiwlOH1tJY,Travis Scott,2,related,55Aa2cqylxrFIXC767Z865
0Y5tJX1MQlPlqiwlOH1tJY,Travis Scott,2,related,5SXuuuRpukkTvsLuUknva1
0Y5tJX1MQlPlqiwlOH1tJY,Travis Scott,2,related,2hlmm7s2ICUX0LVIhVFlZQ
1URnnhqYAYcrqrcwql10ft,21 Savage,2,,
1URnnhqYAYcrqrcwql10ft,21 Savage,2,explored,5dHt1vcEm9qb8fCyLcB3HL
1URnnhqYAYcrqrcwql10ft,21 Savage,2,related,0iEtIxbK0KxaSlF7G42ZOp
1URnnhqYAYcrqrcwql10ft,21 Savage,2,related,1RyvyyTE3xzB2ZywiAwp0i
1URnnhqYAYcrqrcwql10ft,21 Savage,2,related,0Y5tJX1MQlPlqiwlOH1tJY
1URnnhqYAYcrqrcwql10ft,21 Savage,2,related,5f7VJjfbwm532GiveGC0ZK
1URnnhqYAYcrqrcwql10ft,21 Savage,2,related,3TVXtAsR1Inumwj472S9r4
1URnnhqYAYcrqrcwql10ft,21 Savage,2,related,0VRj0yCOv2FXJNP47XQnx5
1URnnhqYAYcrqrcwql10ft,21 Savage,2,related,5SXuuuRpukkTvsLuUknva1
1URnnhqYAYcrqrcwql10ft,21 Savage,2,related,4O15NlyKLIASxsJ0PrXPfz
1URnnhqYAYcrqrcwql10ft,21 Savage,2,related,699OTQXzgjhIYAHMy9RyPD
1URnnhqYAYcrqrcwql10ft,21 Savage,2,related,6l3HvQ5sa6mXTsMTB19rO5
1URnnhqYAYcrqrcwql10ft,21 Savage,2,related,13ubrt8QOOCPljQ2FL1Kca
1URnnhqYAYcrqrcwql10ft,21 Savage,2,related,46SHBwWsqBkxI7EeeBEQG7
1URnnhqYAYcrqrcwql10ft,21 Savage,2,related,50co4Is1HCEo8bhOyUWKpn
1URnnhqYAYcrqrcwql10ft,21 Savage,2,related,0YinUQ50QDB7ZxSCLyQ40k
1URnnhqYAYcrqrcwql10ft,21 Savage,2,related,4Gso3d4CscCijv0lmajZWs
1URnnhqYAYcrqrcwql10ft,21 Savage,2,related,6icQOAFXDZKsumw3YXyusw
1URnnhqYAYcrqrcwql10ft,21 Savage,2,related,5K4W6rqBFWDnAN6FQUkS6x
1URnnhqYAYcrqrcwql10ft,21 Savage,2,related,0ErzCpIMyLcjPiwT4elrtZ
1URnnhqYAYcrqrcwql10ft,21 Savage,2,related,7c0XG5cIJTrrAgEC3ULPiq
15UsOTVnJzReFVN1VCnxy4,XXXTENTACION,2,,
15UsOTVnJzReFVN1VCnxy4,XXXTENTACION,2,explored,2kCcBybjl3SAtIcwdWpUe3
15UsOTVnJzReFVN1VCnxy4,XXXTENTACION,2,explored,1zNqQNIdeOUZHb8zbZRFMX
15UsOTVnJzReFVN1VCnxy4,XXXTENTACION,2,explored,7dGJo4pcD2V6oG8kP0tJRR
15UsOTVnJzReFVN1VCnxy4,XXXTENTACION,2,explored,2tIP7SsRs7vjIcLrU85W8J
15UsOTVnJzReFVN1VCnxy4,XXXTENTACION,2,explored,7iZtZyCzp3LItcw1wtPI3D
15UsOTVnJzReFVN1VCnxy4,XXXTENTACION,2,related,4MCBfE4596Uoi2O4DtmEMz
15UsOTVnJzReFVN1VCnxy4,XXXTENTACION,2,related,6Xgp2XMz1fhVYe7i6yNAax
15UsOTVnJzReFVN1VCnxy4,XXXTENTACION,2,related,0Y5tJX1MQlPlqiwlOH1tJY
15UsOTVnJzReFVN1VCnxy4,XXXTENTACION,2,related,4O15NlyKLIASxsJ0PrXPfz
15UsOTVnJzReFVN1VCnxy4,XXXTENTACION,2,related,2YZyLoL8N0Wb9xBt1NhZWg
15UsOTVnJzReFVN1VCnxy4,XXXTENTACION,2,related,0iEtIxbK0KxaSlF7G42ZOp
15UsOTVnJzReFVN1VCnxy4,XXXTENTACION,2,related,1URnnhqYAYcrqrcwql10ft
15UsOTVnJzReFVN1VCnxy4,XXXTENTACION,2,related,1cNDP5yjU5vjeR8qMf4grg
15UsOTVnJzReFVN1VCnxy4,XXXTENTACION,2,related,5K4W6rqBFWDnAN6FQUkS6x
15UsOTVnJzReFVN1VCnxy4,XXXTENTACION,2,related,13ubrt8QOOCPljQ2FL1Kca
15UsOTVnJzReFVN1VCnxy4,XXXTENTACION,2,related,7c0XG5cIJTrrAgEC3ULPiq
15UsOTVnJzReFVN1VCnxy4,XXXTENTACION,2,related,1RyvyyTE3xzB2ZywiAwp0i
15UsOTVnJzReFVN1VCnxy4,XXXTENTACION,2,related,757aE44tKEUQEqRuT6GnEB
15UsOTVnJzReFVN1VCnxy4,XXXTENTACION,2,related,246dkjvS1zLTtiykXe5h60
15UsOTVnJzReFVN1VCnxy4,XXXTENTACION,2,related,1Xyo4u8uXC1ZmMpatF05PJ
6AgTAQt8XS6jRWi4sX7w49,Polo G,2,,
6AgTAQt8XS6jRWi4sX7w49,Polo G,2,explored,6jGMq4yGs7aQzuGsMgVgZR
6AgTAQt8XS6jRWi4sX7w49,Polo G,2,explored,3hcs9uc56yIGFCSy9leWe7
6AgTAQt8XS6jRWi4sX7w49,Polo G,2,explored,6EPlBSH2RSiettczlz7ihV
6AgTAQt8XS6jRWi4sX7w49,Polo G,2,explored,31W5EY0aAly4Qieq6OFu6I
6AgTAQt8XS6jRWi4sX7w49,Polo G,2,explored,0eDvMgVFoNV3TpwtrVCoTj
6AgTAQt8XS6jRWi4sX7w49,Polo G,2,related,5f7VJjfbwm532GiveGC0ZK
6AgTAQt8XS6jRWi4sX7w49,Polo G,2,related,4MCBfE4596Uoi2O4DtmEMz
6AgTAQt8XS6jRWi4sX7w49,Polo G,2,related,1cNDP5yjU5vjeR8qMf4grg
6AgTAQt8XS6jRWi4sX7w49,Polo G,2,related,757aE44tKEUQEqRuT6GnEB
6AgTAQt8XS6jRWi4sX7w49,Polo G,2,related,6QtgPSJPSzcnn7dPZ4VINp
6AgTAQt8XS6jRWi4sX7w49,Polo G,2,related,14CHVeJGrR5xgUGQFV5BVM
6AgTAQt8XS6jRWi4sX7w49,Polo G,2,related,6MPCFvOQv5cIGfw3jODMF0
6AgTAQt8XS6jRWi4sX7w49,Polo G,2,related,4r63FhuTkUYltbVAg5TQnk
6AgTAQt8XS6jRWi4sX7w49,Polo G,2,related,0ErzCpIMyLcjPiwT4elrtZ
6AgTAQt8XS6jRWi4sX7w49,Polo G,2,related,46SHBwWsqBkxI7EeeBEQG7
6AgTAQt8XS6jRWi4sX7w49,Polo G,2,related,6Xgp2XMz1fhVYe7i6yNAax
6AgTAQt8XS6jRWi4sX7w49,Polo G,2,related,4O15NlyKLIASxsJ0PrXPfz
6AgTAQt8XS6jRWi4sX7w49,Polo G,2,related,45gHcnDnMC15sgx3VL7ROG
6AgTAQt8XS6jRWi4sX7w49,Polo G,2,related,1tG7s7S4sq2eFFW0QZyLbm
6AgTAQt8XS6jRWi4sX7w49,Polo G,2,related,0YinUQ50QDB7ZxSCLyQ40k
1cNDP5yjU5vjeR8qMf4grg,YNW Melly,2,,
1cNDP5yjU5vjeR8qMf4grg,YNW Melly,2,explored,5zctI4wO9XSKS8XwcnqEHk
1cNDP5yjU5vjeR8qMf4grg,YNW Melly,2,explored,4r63FhuTkUYltbVAg5TQnk
1cNDP5yjU5vjeR8qMf4grg,YNW Melly,2,explored,3Fl1V19tmjt57oBdxXKAjJ
1cNDP5yjU5vjeR8qMf4grg,YNW Melly,2,explored,7meyrw7Or5DwteYxDJrkCM
1cNDP5yjU5vjeR8qMf4grg,YNW Melly,2,explored,1XLWox9w1Yvbodui0SRhUQ
1cNDP5yjU5vjeR8qMf4grg,YNW Melly,2,related,6jGMq4yGs7aQzuGsMgVgZR
1cNDP5yjU5vjeR8qMf4grg,YNW Melly,2,related,757aE44tKEUQEqRuT6GnEB
1cNDP5yjU5vjeR8qMf4grg,YNW Melly,2,related,6AgTAQt8XS6jRWi4sX7w49
1cNDP5yjU5vjeR8qMf4grg,YNW Melly,2,related,4MCBfE4596Uoi2O4DtmEMz
1cNDP5yjU5vjeR8qMf4grg,YNW Melly,2,related,6Xgp2XMz1fhVYe7i6yNAax
1cNDP5yjU5vjeR8qMf4grg,YNW Melly,2,related,31W5EY0aAly4Qieq6OFu6I
1cNDP5yjU5vjeR8qMf4grg,YNW Melly,2,related,0ErzCpIMyLcjPiwT4elrtZ
1cNDP5yjU5vjeR8qMf4grg,YNW Melly,2,related,5f7VJjfbwm532GiveGC0ZK
1cNDP5yjU5vjeR8qMf4grg,YNW Melly,2,related,46SHBwWsqBkxI7EeeBEQG7
1cNDP5yjU5vjeR8qMf4grg,YNW Melly,2,related,4O15NlyKLIASxsJ0PrXPfz
1cNDP5yjU5vjeR8qMf4grg,YNW Melly,2,related,0YinUQ50QDB7ZxSCLyQ40k
1cNDP5yjU5vjeR8qMf4grg,YNW Melly,2,related,2HUwZ0kumzCSlhFcjFZfpp
1cNDP5yjU5vjeR8qMf4grg,YNW Melly,2,related,6i392l38cR3uBPF0DbNs7S
1cNDP5yjU5vjeR8qMf4grg,YNW Melly,2,related,6QtgPSJPSzcnn7dPZ4VINp
1cNDP5yjU5vjeR8qMf4grg,YNW Melly,2,related,15UsOTVnJzReFVN1VCnxy4
757aE44tKEUQEqRuT6GnEB,Roddy Ricch,2,,
757aE44tKEUQEqRuT6GnEB,Roddy Ricch,2,explored,6MPCFvOQv5cIGfw3jODMF0
757aE44tKEUQEqRuT6GnEB,Roddy Ricch,2,explored,6i392l38cR3uBPF0DbNs7S
757aE44tKEUQEqRuT6GnEB,Roddy Ricch,2,explored,0QHgL1lAIqAw0HtD7YldmP
757aE44tKEUQEqRuT6GnEB,Roddy Ricch,2,explored,7A8S43ryYdbWpJKeHRZRcq
757aE44tKEUQEqRuT6GnEB,Roddy Ricch,2,explored,20sxb77xiYeusSH8cVdatc
757aE44tKEUQEqRuT6GnEB,Roddy Ricch,2,related,4r63FhuTkUYltbVAg5TQnk
757aE44tKEUQEqRuT6GnEB,Roddy Ricch,2,related,0YinUQ50QDB7ZxSCLyQ40k
757aE44tKEUQEqRuT6GnEB,Roddy Ricch,2,related,0eDvMgVFoNV3TpwtrVCoTj
757aE44tKEUQEqRuT6GnEB,Roddy Ricch,2,related,5f7VJjfbwm532GiveGC0ZK
757aE44tKEUQEqRuT6GnEB,Roddy Ricch,2,related,1cNDP5yjU5vjeR8qMf4grg
757aE44tKEUQEqRuT6GnEB,Roddy Ricch,2,related,6AgTAQt8XS6jRWi4sX7w49
757aE44tKEUQEqRuT6GnEB,Roddy Ricch,2,related,6jGMq4yGs7aQzuGsMgVgZR
757aE44tKEUQEqRuT6GnEB,Roddy Ricch,2,related,6oMuImdp5ZcFhWP0ESe6mG
757aE44tKEUQEqRuT6GnEB,Roddy Ricch,2,related,1URnnhqYAYcrqrcwql10ft
757aE44tKEUQEqRuT6GnEB,Roddy Ricch,2,related,5zctI4wO9XSKS8XwcnqEHk
757aE44tKEUQEqRuT6GnEB,Roddy Ricch,2,related,50co4Is1HCEo8bhOyUWKpn
757aE44tKEUQEqRuT6GnEB,Roddy Ricch,2,related,1RyvyyTE3xzB2ZywiAwp0i
757aE44tKEUQEqRuT6GnEB,Roddy Ricch,2,related,4O15NlyKLIASxsJ0PrXPfz
757aE44tKEUQEqRuT6GnEB,Roddy Ricch,2,related,0VRj0yCOv2FXJNP47XQnx5
757aE44tKEUQEqRuT6GnEB,Roddy Ricch,2,related,0Y5tJX1MQlPlqiwlOH1tJY
6ASri4ePR7RlsvIQgWPJpS,iann dior,2,,
6ASri4ePR7RlsvIQgWPJpS,iann dior,2,explored,6fWVd57NKTalqvmjRd2t8Z
6ASri4ePR7RlsvIQgWPJpS,iann dior,2,explored,0Yr4BBpK2dkCp2UsrJ9LZN
6ASri4ePR7RlsvIQgWPJpS,iann dior,2,explored,0vRvGUQVUjytro0xpb26bs
6ASri4ePR7RlsvIQgWPJpS,iann dior,2,explored,4exLIFE8sISLr28sqG1qNX
6ASri4ePR7RlsvIQgWPJpS,iann dior,2,explored,2cFrymmkijnjDg9SS92EPM
6ASri4ePR7RlsvIQgWPJpS,iann dior,2,related,6MPCFvOQv5cIGfw3jODMF0
6ASri4ePR7RlsvIQgWPJpS,iann dior,2,related,5zctI4wO9XSKS8XwcnqEHk
6ASri4ePR7RlsvIQgWPJpS,iann dior,2,related,4MCBfE4596Uoi2O4DtmEMz
6ASri4ePR7RlsvIQgWPJpS,iann dior,2,related,0bBz5bRBkExaej2HxtVfCw
6ASri4ePR7RlsvIQgWPJpS,iann dior,2,related,1MXZ0hsGic96dWRDKwAwdr
6ASri4ePR7RlsvIQgWPJpS,iann dior,2,related,2tIP7SsRs7vjIcLrU85W8J
6ASri4ePR7RlsvIQgWPJpS,iann dior,2,related,6AgTAQt8XS6jRWi4sX7w49
6ASri4ePR7RlsvIQgWPJpS,iann dior,2,related,6TIYQ3jFPwQSRmorSezPxX
6ASri4ePR7RlsvIQgWPJpS,iann dior,2,related,4r63FhuTkUYltbVAg5TQnk
6ASri4ePR7RlsvIQgWPJpS,iann dior,2,related,2LIk90788K0zvyj2JJVwkJ
6ASri4ePR7RlsvIQgWPJpS,iann dior,2,related,757aE44tKEUQEqRuT6GnEB
6ASri4ePR7RlsvIQgWPJpS,iann dior,2,related,246dkjvS1zLTtiykXe5h60
6ASri4ePR7RlsvIQgWPJpS,iann dior,2,related,0H39MdGGX6dbnnQPt6NQkZ
6ASri4ePR7RlsvIQgWPJpS,iann dior,2,related,6jGMq4yGs7aQzuGsMgVgZR
6ASri4ePR7RlsvIQgWPJpS,iann dior,2,related,7d3WFRME3vBY2cgoP38RDo
5yPzzu25VzEk8qrGTLIrE1,Young Nudy,2,,
5yPzzu25VzEk8qrGTLIrE1,Young Nudy,2,explored,0RESbWvOMyua0yuyVrztJ5
5yPzzu25VzEk8qrGTLIrE1,Young Nudy,2,explored,23DYJsw4uSCguIqiTIDtcN
5yPzzu25VzEk8qrGTLIrE1,Young Nudy,2,explored,1jBoSSrbz9n4ehQWA4cZgB
5yPzzu25VzEk8qrGTLIrE1,Young Nudy,2,explored,1K15GRZZATsCJyGJ4bYiEz
5yPzzu25VzEk8qrGTLIrE1,Young Nudy,2,explored,23hzc59PkIUau13dqXx5Ef
5yPzzu25VzEk8qrGTLIrE1,Young Nudy,2,related,6icQOAFXDZKsumw3YXyusw
5yPzzu25VzEk8qrGTLIrE1,Young Nudy,2,related,50co4Is1HCEo8bhOyUWKpn
5yPzzu25VzEk8qrGTLIrE1,Young Nudy,2,related,3qiHUAX7zY4Qnjx8TNUzVx
5yPzzu25VzEk8qrGTLIrE1,Young Nudy,2,related,46SHBwWsqBkxI7EeeBEQG7
5yPzzu25VzEk8qrGTLIrE1,Young Nudy,2,related,2hlmm7s2ICUX0LVIhVFlZQ
5yPzzu25VzEk8qrGTLIrE1,Young Nudy,2,related,4DdkRBBYG6Yk9Ka8tdJ9BW
5yPzzu25VzEk8qrGTLIrE1,Young Nudy,2,related,13y7CgLHjMVRMDqxdx0Xdo
5yPzzu25VzEk8qrGTLIrE1,Young Nudy,2,related,15iVAtD3s3FsQR4w1v6M0P
5yPzzu25VzEk8qrGTLIrE1,Young Nudy,2,related,7GuUYiGZOzQwq4L6gAfy1T
5yPzzu25VzEk8qrGTLIrE1,Young Nudy,2,related,2304Hcgi7OV6YL5Omhx6A4
5yPzzu25VzEk8qrGTLIrE1,Young Nudy,2,related,2RDOrhPqAM4jzTRCEb19qX
5yPzzu25VzEk8qrGTLIrE1,Young Nudy,2,related,0WK3H9OErSn5zKOkOV5egm
5yPzzu25VzEk8qrGTLIrE1,Young Nudy,2,related,0VRj0yCOv2FXJNP47XQnx5
5yPzzu25VzEk8qrGTLIrE1,Young Nudy,2,related,5QdEbQJ3ylBnc3gsIASAT5
5yPzzu25VzEk8qrGTLIrE1,Young Nudy,2,related,4O15NlyKLIASxsJ0PrXPfz
5SXuuuRpukkTvsLuUknva1,Baby Keem,2,,
5SXuuuRpukkTvsLuUknva1,Baby Keem,2,explored,6fxyWrfmjcbj5d12gXeiNV
5SXuuuRpukkTvsLuUknva1,Baby Keem,2,explored,6U3ybJ9UHNKEdsH7ktGBZ7
5SXuuuRpukkTvsLuUknva1,Baby Keem,2,explored,0fA0VVWsXO9YnASrzqfmYu
5SXuuuRpukkTvsLuUknva1,Baby Keem,2,explored,1iNqsUDUraNWrj00bqssQG
5SXuuuRpukkTvsLuUknva1,Baby Keem,2,related,1URnnhqYAYcrqrcwql10ft
5SXuuuRpukkTvsLuUknva1,Baby Keem,2,related,0iEtIxbK0KxaSlF7G42ZOp
5SXuuuRpukkTvsLuUknva1,Baby Keem,2,related,6icQOAFXDZKsumw3YXyusw
5SXuuuRpukkTvsLuUknva1,Baby Keem,2,related,13ubrt8QOOCPljQ2FL1Kca
5SXuuuRpukkTvsLuUknva1,Baby Keem,2,related,6l3HvQ5sa6mXTsMTB19rO5
5SXuuuRpukkTvsLuUknva1,Baby Keem,2,related,5K4W6rqBFWDnAN6FQUkS6x
5SXuuuRpukkTvsLuUknva1,Baby Keem,2,related,5dHt1vcEm9qb8fCyLcB3HL
5SXuuuRpukkTvsLuUknva1,Baby Keem,2,related,0Y5tJX1MQlPlqiwlOH1tJY
5SXuuuRpukkTvsLuUknva1,Baby Keem,2,related,4O15NlyKLIASxsJ0PrXPfz
5SXuuuRpukkTvsLuUknva1,Baby Keem,2,related,699OTQXzgjhIYAHMy9RyPD
5SXuuuRpukkTvsLuUknva1,Baby Keem,2,related,1RyvyyTE3xzB2ZywiAwp0i
5SXuuuRpukkTvsLuUknva1,Baby Keem,2,related,6Xgp2XMz1fhVYe7i6yNAax
5SXuuuRpukkTvsLuUknva1,Baby Keem,2,related,0YinUQ50QDB7ZxSCLyQ40k
5SXuuuRpukkTvsLuUknva1,Baby Keem,2,related,4Gso3d4CscCijv0lmajZWs
5SXuuuRpukkTvsLuUknva1,Baby Keem,2,related,2YZyLoL8N0Wb9xBt1NhZWg
5SXuuuRpukkTvsLuUknva1,Baby Keem,2,related,4Ga1P7PMIsmqEZqhYZQgDo
3qiHUAX7zY4Qnjx8TNUzVx,Yeat,2,,
3qiHUAX7zY4Qnjx8TNUzVx,Yeat,2,explored,2sF5nNXnrrsCPZlt8ZpyGd
3qiHUAX7zY4Qnjx8TNUzVx,Yeat,2,explored,1HPW4jeRjXBFRoUnSvBzoD
3qiHUAX7zY4Qnjx8TNUzVx,Yeat,2,explored,6os1temnovzJIEGRUmn3fG
3qiHUAX7zY4Qnjx8TNUzVx,Yeat,2,explored,2ojqsY1ycYzZOpLDBBwHPU
3qiHUAX7zY4Qnjx8TNUzVx,Yeat,2,related,3gBZUcNeVumkeeJ19CY2sX
3qiHUAX7zY4Qnjx8TNUzVx,Yeat,2,related,699OTQXzgjhIYAHMy9RyPD
3qiHUAX7zY4Qnjx8TNUzVx,Yeat,2,related,6icQOAFXDZKsumw3YXyusw
3qiHUAX7zY4Qnjx8TNUzVx,Yeat,2,related,23hzc59PkIUau13dqXx5Ef
3qiHUAX7zY4Qnjx8TNUzVx,Yeat,2,related,4Gso3d4CscCijv0lmajZWs
3qiHUAX7zY4Qnjx8TNUzVx,Yeat,2,related,5yPzzu25VzEk8qrGTLIrE1
3qiHUAX7zY4Qnjx8TNUzVx,Yeat,2,related,1RyvyyTE3xzB2ZywiAwp0i
3qiHUAX7zY4Qnjx8TNUzVx,Yeat,2,related,50co4Is1HCEo8bhOyUWKpn
3qiHUAX7zY4Qnjx8TNUzVx,Yeat,2,related,2SJhf6rTOU53g8yBdAjPby
3qiHUAX7zY4Qnjx8TNUzVx,Yeat,2,related,4O15NlyKLIASxsJ0PrXPfz
3qiHUAX7zY4Qnjx8TNUzVx,Yeat,2,related,4Ga1P7PMIsmqEZqhYZQgDo
3qiHUAX7zY4Qnjx8TNUzVx,Yeat,2,related,2hlmm7s2ICUX0LVIhVFlZQ
3qiHUAX7zY4Qnjx8TNUzVx,Yeat,2,related,0Y5tJX1MQlPlqiwlOH1tJY
3qiHUAX7zY4Qnjx8TNUzVx,Yeat,2,related,15iVAtD3s3FsQR4w1v6M0P
3qiHUAX7zY4Qnjx8TNUzVx,Yeat,2,related,4DdkRBBYG6Yk9Ka8tdJ9BW
3qiHUAX7zY4Qnjx8TNUzVx,Yeat,2,related,0iEtIxbK0KxaSlF7G42ZOp
3gBZUcNeVumkeeJ19CY2sX,Ken Carson,2,,
3gBZUcNeVumkeeJ19CY2sX,Ken Carson,2,explored,5tQMB0cuNXdCtzovGt55uD
3gBZUcNeVumkeeJ19CY2sX,Ken Carson,2,explored,0uj6QiPsPfK8ywLC7uwBE1
3gBZUcNeVumkeeJ19CY2sX,Ken Carson,2,explored,3CE6MgsLpKMDfYFtexgc8U
3gBZUcNeVumkeeJ19CY2sX,Ken Carson,2,explored,2jl4qd6UbzeCmImT4nWbtA
3gBZUcNeVumkeeJ19CY2sX,Ken Carson,2,explored,5L15t6I0PQS9SBXbiklPEN
3gBZUcNeVumkeeJ19CY2sX,Ken Carson,2,related,1HPW4jeRjXBFRoUnSvBzoD
3gBZUcNeVumkeeJ19CY2sX,Ken Carson,2,related,2sF5nNXnrrsCPZlt8ZpyGd
3gBZUcNeVumkeeJ19CY2sX,Ken Carson,2,related,3qiHUAX7zY4Qnjx8TNUzVx
3gBZUcNeVumkeeJ19CY2sX,Ken Carson,2,related,23hzc59PkIUau13dqXx5Ef
3gBZUcNeVumkeeJ19CY2sX,Ken Carson,2,related,699OTQXzgjhIYAHMy9RyPD
3gBZUcNeVumkeeJ19CY2sX,Ken Carson,2,related,2ojqsY1ycYzZOpLDBBwHPU
3gBZUcNeVumkeeJ19CY2sX,Ken Carson,2,related,6icQOAFXDZKsumw3YXyusw
3gBZUcNeVumkeeJ19CY2sX,Ken Carson,2,related,2SJhf6rTOU53g8yBdAjPby
3gBZUcNeVumkeeJ19CY2sX,Ken Carson,2,related,4Ga1P7PMIsmqEZqhYZQgDo
3gBZUcNeVumkeeJ19CY2sX,Ken Carson,2,related,4O15NlyKLIASxsJ0PrXPfz
3gBZUcNeVumkeeJ19CY2sX,Ken Carson,2,related,15iVAtD3s3FsQR4w1v6M0P
3gBZUcNeVumkeeJ19CY2sX,Ken Carson,2,related,5yPzzu25VzEk8qrGTLIrE1
3gBZUcNeVumkeeJ19CY2sX,Ken Carson,2,related,6os1temnovzJIEGRUmn3fG
3gBZUcNeVumkeeJ19CY2sX,Ken Carson,2,related,50co4Is1HCEo8bhOyUWKpn
3gBZUcNeVumkeeJ19CY2sX,Ken Carson,2,related,1RyvyyTE3xzB2ZywiAwp0i
0VRj0yCOv2FXJNP47XQnx5,Quavo,2,,
0VRj0yCOv2FXJNP47XQnx5,Quavo,2,explored,3EW0kQ1skZiK1NHg3Spt9J
0VRj0yCOv2FXJNP47XQnx5,Quavo,2,explored,17lzZA2AlOHwCwFALHttmp
0VRj0yCOv2FXJNP47XQnx5,Quavo,2,related,1RyvyyTE3xzB2ZywiAwp0i
0VRj0yCOv2FXJNP47XQnx5,Quavo,2,related,50co4Is1HCEo8bhOyUWKpn
0VRj0yCOv2FXJNP47XQnx5,Quavo,2,related,4DdkRBBYG6Yk9Ka8tdJ9BW
0VRj0yCOv2FXJNP47XQnx5,Quavo,2,related,1URnnhqYAYcrqrcwql10ft
0VRj0yCOv2FXJNP47XQnx5,Quavo,2,related,0iEtIxbK0KxaSlF7G42ZOp
0VRj0yCOv2FXJNP47XQnx5,Quavo,2,related,2hlmm7s2ICUX0LVIhVFlZQ
0VRj0yCOv2FXJNP47XQnx5,Quavo,2,related,5f7VJjfbwm532GiveGC0ZK
0VRj0yCOv2FXJNP47XQnx5,Quavo,2,related,0YinUQ50QDB7ZxSCLyQ40k
0VRj0yCOv2FXJNP47XQnx5,Quavo,2,related,0Y5tJX1MQlPlqiwlOH1tJY
0VRj0yCOv2FXJNP47XQnx5,Quavo,2,related,6oMuImdp5ZcFhWP0ESe6mG
0VRj0yCOv2FXJNP47XQnx5,Quavo,2,related,46SHBwWsqBkxI7EeeBEQG7
0VRj0yCOv2FXJNP47XQnx5,Quavo,2,related,4Gso3d4CscCijv0lmajZWs
0VRj0yCOv2FXJNP47XQnx5,Quavo,2,related,7c0XG5cIJTrrAgEC3ULPiq
0VRj0yCOv2FXJNP47XQnx5,Quavo,2,related,55Aa2cqylxrFIXC767Z865
0VRj0yCOv2FXJNP47XQnx5,Quavo,2,related,6icQOAFXDZKsumw3YXyusw
0VRj0yCOv2FXJNP47XQnx5,Quavo,2,related,0RESbWvOMyua0yuyVrztJ5
0VRj0yCOv2FXJNP47XQnx5,Quavo,2,related,0QHgL1lAIqAw0HtD7YldmP
0VRj0yCOv2FXJNP47XQnx5,Quavo,2,related,13y7CgLHjMVRMDqxdx0Xdo
13y7CgLHjMVRMDqxdx0Xdo,Gucci Mane,2,,
13y7CgLHjMVRMDqxdx0Xdo,Gucci Mane,2,explored,6Ha4aES39QiVjR0L2lwuwq
13y7CgLHjMVRMDqxdx0Xdo,Gucci Mane,2,explored,5gCRApTajqwbnHHPbr2Fpi
13y7CgLHjMVRMDqxdx0Xdo,Gucci Mane,2,explored,3HiuzBlSW7pGDXlSFMhO2g
13y7CgLHjMVRMDqxdx0Xdo,Gucci Mane,2,explored,3tJoFztHeIJkJWMrx0td2f
13y7CgLHjMVRMDqxdx0Xdo,Gucci Mane,2,explored,1sBkRIssrMs1AbVkOJbc7a
13y7CgLHjMVRMDqxdx0Xdo,Gucci Mane,2,related,46SHBwWsqBkxI7EeeBEQG7
13y7CgLHjMVRMDqxdx0Xdo,Gucci Mane,2,related,17lzZA2AlOHwCwFALHttmp
13y7CgLHjMVRMDqxdx0Xdo,Gucci Mane,2,related,0RESbWvOMyua0yuyVrztJ5
13y7CgLHjMVRMDqxdx0Xdo,Gucci Mane,2,related,6oMuImdp5ZcFhWP0ESe6mG
13y7CgLHjMVRMDqxdx0Xdo,Gucci Mane,2,related,55Aa2cqylxrFIXC767Z865
13y7CgLHjMVRMDqxdx0Xdo,Gucci Mane,2,related,1RyvyyTE3xzB2ZywiAwp0i
13y7CgLHjMVRMDqxdx0Xdo,Gucci Mane,2,related,50co4Is1HCEo8bhOyUWKpn
13y7CgLHjMVRMDqxdx0Xdo,Gucci Mane,2,related,0VRj0yCOv2FXJNP47XQnx5
13y7CgLHjMVRMDqxdx0Xdo,Gucci Mane,2,related,5yPzzu25VzEk8qrGTLIrE1
13y7CgLHjMVRMDqxdx0Xdo,Gucci Mane,2,related,5f7VJjfbwm532GiveGC0ZK
13y7CgLHjMVRMDqxdx0Xdo,Gucci Mane,2,related,15iVAtD3s3FsQR4w1v6M0P
13y7CgLHjMVRMDqxdx0Xdo,Gucci Mane,2,related,1pPmIToKXyGdsCF6LmqLmI
13y7CgLHjMVRMDqxdx0Xdo,Gucci Mane,2,related,4yBK75WVCQXej1p04GWqxH
13y7CgLHjMVRMDqxdx0Xdo,Gucci Mane,2,related,0A0FS04o6zMoto8OKPsDwY
13y7CgLHjMVRMDqxdx0Xdo,Gucci Mane,2,related,1URnnhqYAYcrqrcwql10ft
5f7VJjfbwm532GiveGC0ZK,Lil Baby,2,,
5f7VJjfbwm532GiveGC0ZK,Lil Baby,2,related,3hcs9uc56yIGFCSy9leWe7
5f7VJjfbwm532GiveGC0ZK,Lil Baby,2,related,1RyvyyTE3xzB2ZywiAwp0i
5f7VJjfbwm532GiveGC0ZK,Lil Baby,2,related,2hlmm7s2ICUX0LVIhVFlZQ
5f7VJjfbwm532GiveGC0ZK,Lil Baby,2,related,50co4Is1HCEo8bhOyUWKpn
5f7VJjfbwm532GiveGC0ZK,Lil Baby,2,related,1URnnhqYAYcrqrcwql10ft
5f7VJjfbwm532GiveGC0ZK,Lil Baby,2,related,46SHBwWsqBkxI7EeeBEQG7
5f7VJjfbwm532GiveGC0ZK,Lil Baby,2,related,0VRj0yCOv2FXJNP47XQnx5
5f7VJjfbwm532GiveGC0ZK,Lil Baby,2,related,6AgTAQt8XS6jRWi4sX7w49
5f7VJjfbwm532GiveGC0ZK,Lil Baby,2,related,3TVXtAsR1Inumwj472S9r4
5f7VJjfbwm532GiveGC0ZK,Lil Baby,2,related,0YinUQ50QDB7ZxSCLyQ40k
5f7VJjfbwm532GiveGC0ZK,Lil Baby,2,related,3tJoFztHeIJkJWMrx0td2f
5f7VJjfbwm532GiveGC0ZK,Lil Baby,2,related,31W5EY0aAly4Qieq6OFu6I
5f7VJjfbwm532GiveGC0ZK,Lil Baby,2,related,757aE44tKEUQEqRuT6GnEB
5f7VJjfbwm532GiveGC0ZK,Lil Baby,2,related,0ErzCpIMyLcjPiwT4elrtZ
5f7VJjfbwm532GiveGC0ZK,Lil Baby,2,related,6i392l38cR3uBPF0DbNs7S
5f7VJjfbwm532GiveGC0ZK,Lil Baby,2,related,6jGMq4yGs7aQzuGsMgVgZR
5f7VJjfbwm532GiveGC0ZK,Lil Baby,2,related,20sxb77xiYeusSH8cVdatc
5f7VJjfbwm532GiveGC0ZK,Lil Baby,2,related,4DdkRBBYG6Yk9Ka8tdJ9BW
5f7VJjfbwm532GiveGC0ZK,Lil Baby,2,related,4O15NlyKLIASxsJ0PrXPfz
5f7VJjfbwm532GiveGC0ZK,Lil Baby,2,related,6oMuImdp5ZcFhWP0ESe6mG
6oMuImdp5ZcFhWP0ESe6mG,Migos,2,,
6oMuImdp5ZcFhWP0ESe6mG,Migos,2,explored,0c173mlxpT3dSFRgMO8XPh
6oMuImdp5ZcFhWP0ESe6mG,Migos,2,explored,28ExwzUQsvgJooOI0X1mr3
6oMuImdp5ZcFhWP0ESe6mG,Migos,2,related,0YinUQ50QDB7ZxSCLyQ40k
6oMuImdp5ZcFhWP0ESe6mG,Migos,2,related,1pPmIToKXyGdsCF6LmqLmI
6oMuImdp5ZcFhWP0ESe6mG,Migos,2,related,0QHgL1lAIqAw0HtD7YldmP
6oMuImdp5ZcFhWP0ESe6mG,Migos,2,related,46SHBwWsqBkxI7EeeBEQG7
6oMuImdp5ZcFhWP0ESe6mG,Migos,2,related,17lzZA2AlOHwCwFALHttmp
6oMuImdp5ZcFhWP0ESe6mG,Migos,2,related,0VRj0yCOv2FXJNP47XQnx5
6oMuImdp5ZcFhWP0ESe6mG,Migos,2,related,7iZtZyCzp3LItcw1wtPI3D
6oMuImdp5ZcFhWP0ESe6mG,Migos,2,related,5dHt1vcEm9qb8fCyLcB3HL
6oMuImdp5ZcFhWP0ESe6mG,Migos,2,related,20sxb77xiYeusSH8cVdatc
6oMuImdp5ZcFhWP0ESe6mG,Migos,2,related,13y7CgLHjMVRMDqxdx0Xdo
6oMuImdp5ZcFhWP0ESe6mG,Migos,2,related,1URnnhqYAYcrqrcwql10ft
6oMuImdp5ZcFhWP0ESe6mG,Migos,2,related,50co4Is1HCEo8bhOyUWKpn
6oMuImdp5ZcFhWP0ESe6mG,Migos,2,related,4r63FhuTkUYltbVAg5TQnk
6oMuImdp5ZcFhWP0ESe6mG,Migos,2,related,5f7VJjfbwm532GiveGC0ZK
6oMuImdp5ZcFhWP0ESe6mG,Migos,2,related,1RyvyyTE3xzB2ZywiAwp0i
6oMuImdp5ZcFhWP0ESe6mG,Migos,2,related,4O15NlyKLIASxsJ0PrXPfz
6oMuImdp5ZcFhWP0ESe6mG,Migos,2,related,757aE44tKEUQEqRuT6GnEB
6oMuImdp5ZcFhWP0ESe6mG,Migos,2,related,6i392l38cR3uBPF0DbNs7S
1pPmIToKXyGdsCF6LmqLmI,Rich The Kid,2,,
1pPmIToKXyGdsCF6LmqLmI,Rich The Kid,2,explored,3CbYyyd8wH3RT6t0jwpdzC
1pPmIToKXyGdsCF6LmqLmI,Rich The Kid,2,explored,7rkW85dBwwrJtlHRDkJDAC
1pPmIToKXyGdsCF6LmqLmI,Rich The Kid,2,explored,3gGUMEwIX6XodWsYEvKSal
1pPmIToKXyGdsCF6LmqLmI,Rich The Kid,2,explored,7d3WFRME3vBY2cgoP38RDo
1pPmIToKXyGdsCF6LmqLmI,Rich The Kid,2,explored,0WOxhx4hikIsyF3CRPLC8W
1pPmIToKXyGdsCF6LmqLmI,Rich The Kid,2,related,6oMuImdp5ZcFhWP0ESe6mG
1pPmIToKXyGdsCF6LmqLmI,Rich The Kid,2,related,46SHBwWsqBkxI7EeeBEQG7
1pPmIToKXyGdsCF6LmqLmI,Rich The Kid,2,related,0YinUQ50QDB7ZxSCLyQ40k
1pPmIToKXyGdsCF6LmqLmI,Rich The Kid,2,related,6i392l38cR3uBPF0DbNs7S
1pPmIToKXyGdsCF6LmqLmI,Rich The Kid,2,related,3EW0kQ1skZiK1NHg3Spt9J
1pPmIToKXyGdsCF6LmqLmI,Rich The Kid,2,related,13y7CgLHjMVRMDqxdx0Xdo
1pPmIToKXyGdsCF6LmqLmI,Rich The Kid,2,related,20sxb77xiYeusSH8cVdatc
1pPmIToKXyGdsCF6LmqLmI,Rich The Kid,2,related,0VRj0yCOv2FXJNP47XQnx5
1pPmIToKXyGdsCF6LmqLmI,Rich The Kid,2,related,6Xgp2XMz1fhVYe7i6yNAax
1pPmIToKXyGdsCF6LmqLmI,Rich The Kid,2,related,5f7VJjfbwm532GiveGC0ZK
1pPmIToKXyGdsCF6LmqLmI,Rich The Kid,2,related,50co4Is1HCEo8bhOyUWKpn
1pPmIToKXyGdsCF6LmqLmI,Rich The Kid,2,related,4TEJudQY2pXxVHPE3gD2EU
1pPmIToKXyGdsCF6LmqLmI,Rich The Kid,2,related,2HUwZ0kumzCSlhFcjFZfpp
1pPmIToKXyGdsCF6LmqLmI,Rich The Kid,2,related,17lzZA2AlOHwCwFALHttmp
1pPmIToKXyGdsCF6LmqLmI,Rich The Kid,2,related,4O15NlyKLIASxsJ0PrXPfz
2hlmm7s2ICUX0LVIhVFlZQ,Gunna,2,,
2hlmm7s2ICUX0LVIhVFlZQ,Gunna,2,related,4DdkRBBYG6Yk9Ka8tdJ9BW
2hlmm7s2ICUX0LVIhVFlZQ,Gunna,2,related,50co4Is1HCEo8bhOyUWKpn
2hlmm7s2ICUX0LVIhVFlZQ,Gunna,2,related,1RyvyyTE3xzB2ZywiAwp0i
2hlmm7s2ICUX0LVIhVFlZQ,Gunna,2,related,5f7VJjfbwm532GiveGC0ZK
2hlmm7s2ICUX0LVIhVFlZQ,Gunna,2,related,0VRj0yCOv2FXJNP47XQnx5
2hlmm7s2ICUX0LVIhVFlZQ,Gunna,2,related,4Gso3d4CscCijv0lmajZWs
2hlmm7s2ICUX0LVIhVFlZQ,Gunna,2,related,3TVXtAsR1Inumwj472S9r4
2hlmm7s2ICUX0LVIhVFlZQ,Gunna,2,related,46SHBwWsqBkxI7EeeBEQG7
2hlmm7s2ICUX0LVIhVFlZQ,Gunna,2,related,1URnnhqYAYcrqrcwql10ft
2hlmm7s2ICUX0LVIhVFlZQ,Gunna,2,related,0Y5tJX1MQlPlqiwlOH1tJY
2hlmm7s2ICUX0LVIhVFlZQ,Gunna,2,related,0YinUQ50QDB7ZxSCLyQ40k
2hlmm7s2ICUX0LVIhVFlZQ,Gunna,2,related,3hcs9uc56yIGFCSy9leWe7
2hlmm7s2ICUX0LVIhVFlZQ,Gunna,2,related,6icQOAFXDZKsumw3YXyusw
2hlmm7s2ICUX0LVIhVFlZQ,Gunna,2,related,0iEtIxbK0KxaSlF7G42ZOp
2hlmm7s2ICUX0LVIhVFlZQ,Gunna,2,related,5yPzzu25VzEk8qrGTLIrE1
2hlmm7s2ICUX0LVIhVFlZQ,Gunna,2,related,23DYJsw4uSCguIqiTIDtcN
2hlmm7s2ICUX0LVIhVFlZQ,Gunna,2,related,4Ga1P7PMIsmqEZqhYZQgDo
2hlmm7s2ICUX0LVIhVFlZQ,Gunna,2,related,699OTQXzgjhIYAHMy9RyPD
2hlmm7s2ICUX0LVIhVFlZQ,Gunna,2,related,0RESbWvOMyua0yuyVrztJ5
2hlmm7s2ICUX0LVIhVFlZQ,Gunna,2,related,3qiHUAX7zY4Qnjx8TNUzVx
4DdkRBBYG6Yk9Ka8tdJ9BW,Offset,2,,
4DdkRBBYG6Yk9Ka8tdJ9BW,Offset,2,related,2hlmm7s2ICUX0LVIhVFlZQ
4DdkRBBYG6Yk9Ka8tdJ9BW,Offset,2,related,50co4Is1HCEo8bhOyUWKpn
4DdkRBBYG6Yk9Ka8tdJ9BW,Offset,2,related,0VRj0yCOv2FXJNP47XQnx5
4DdkRBBYG6Yk9Ka8tdJ9BW,Offset,2,related,1RyvyyTE3xzB2ZywiAwp0i
4DdkRBBYG6Yk9Ka8tdJ9BW,Offset,2,related,4Gso3d4CscCijv0lmajZWs
4DdkRBBYG6Yk9Ka8tdJ9BW,Offset,2,related,0YinUQ50QDB7ZxSCLyQ40k
4DdkRBBYG6Yk9Ka8tdJ9BW,Offset,2,related,5f7VJjfbwm532GiveGC0ZK
4DdkRBBYG6Yk9Ka8tdJ9BW,Offset,2,related,0RESbWvOMyua0yuyVrztJ5
4DdkRBBYG6Yk9Ka8tdJ9BW,Offset,2,related,2RDOrhPqAM4jzTRCEb19qX
4DdkRBBYG6Yk9Ka8tdJ9BW,Offset,2,related,0Y5tJX1MQlPlqiwlOH1tJY
4DdkRBBYG6Yk9Ka8tdJ9BW,Offset,2,related,1URnnhqYAYcrqrcwql10ft
4DdkRBBYG6Yk9Ka8tdJ9BW,Offset,2,related,0iEtIxbK0KxaSlF7G42ZOp
4DdkRBBYG6Yk9Ka8tdJ9BW,Offset,2,related,46SHBwWsqBkxI7EeeBEQG7
4DdkRBBYG6Yk9Ka8tdJ9BW,Offset,2,related,5yPzzu25VzEk8qrGTLIrE1
4DdkRBBYG6Yk9Ka8tdJ9BW,Offset,2,related,6U3ybJ9UHNKEdsH7ktGBZ7
4DdkRBBYG6Yk9Ka8tdJ9BW,Offset,2,related,23DYJsw4uSCguIqiTIDtcN
4DdkRBBYG6Yk9Ka8tdJ9BW,Offset,2,related,6icQOAFXDZKsumw3YXyusw
4DdkRBBYG6Yk9Ka8tdJ9BW,Offset,2,related,3TVXtAsR1Inumwj472S9r4
4DdkRBBYG6Yk9Ka8tdJ9BW,Offset,2,related,6oMuImdp5ZcFhWP0ESe6mG
4DdkRBBYG6Yk9Ka8tdJ9BW,Offset,2,related,55Aa2cqylxrFIXC767Z865
0YinUQ50QDB7ZxSCLyQ40k,Mustard,2,,
0YinUQ50QDB7ZxSCLyQ40k,Mustard,2,related,757aE44tKEUQEqRuT6GnEB
0YinUQ50QDB7ZxSCLyQ40k,Mustard,2,related,4r63FhuTkUYltbVAg5TQnk
0YinUQ50QDB7ZxSCLyQ40k,Mustard,2,related,6oMuImdp5ZcFhWP0ESe6mG
0YinUQ50QDB7ZxSCLyQ40k,Mustard,2,related,50co4Is1HCEo8bhOyUWKpn
0YinUQ50QDB7ZxSCLyQ40k,Mustard,2,related,0VRj0yCOv2FXJNP47XQnx5
0YinUQ50QDB7ZxSCLyQ40k,Mustard,2,related,5dHt1vcEm9qb8fCyLcB3HL
0YinUQ50QDB7ZxSCLyQ40k,Mustard,2,related,7c0XG5cIJTrrAgEC3ULPiq
0YinUQ50QDB7ZxSCLyQ40k,Mustard,2,related,1RyvyyTE3xzB2ZywiAwp0i
0YinUQ50QDB7ZxSCLyQ40k,Mustard,2,related,6i392l38cR3uBPF0DbNs7S
0YinUQ50QDB7ZxSCLyQ40k,Mustard,2,related,0Y5tJX1MQlPlqiwlOH1tJY
0YinUQ50QDB7ZxSCLyQ40k,Mustard,2,related,1URnnhqYAYcrqrcwql10ft
0YinUQ50QDB7ZxSCLyQ40k,Mustard,2,related,2RDOrhPqAM4jzTRCEb19qX
0YinUQ50QDB7ZxSCLyQ40k,Mustard,2,related,4O15NlyKLIASxsJ0PrXPfz
0YinUQ50QDB7ZxSCLyQ40k,Mustard,2,related,5f7VJjfbwm532GiveGC0ZK
0YinUQ50QDB7ZxSCLyQ40k,Mustard,2,related,0QHgL1lAIqAw0HtD7YldmP
0YinUQ50QDB7ZxSCLyQ40k,Mustard,2,related,4DdkRBBYG6Yk9Ka8tdJ9BW
0YinUQ50QDB7ZxSCLyQ40k,Mustard,2,related,0iEtIxbK0KxaSlF7G42ZOp
0YinUQ50QDB7ZxSCLyQ40k,Mustard,2,related,4Ga1P7PMIsmqEZqhYZQgDo
0YinUQ50QDB7ZxSCLyQ40k,Mustard,2,related,4Gso3d4CscCijv0lmajZWs
0YinUQ50QDB7ZxSCLyQ40k,Mustard,2,related,46SHBwWsqBkxI7EeeBEQG7
3TVXtAsR1Inumwj472S9r4,Drake,2,,
3TVXtAsR1Inumwj472S9r4,Drake,2,explored,2HPaUgqeutzr3jx5a9WyDV
3TVXtAsR1Inumwj472S9r4,Drake,2,explored,2jku7tDXc6XoB6MO2hFuqg
3TVXtAsR1Inumwj472S9r4,Drake,2,explored,2EMAnMvWE2eb56ToJVfCWs
3TVXtAsR1Inumwj472S9r4,Drake,2,related,1RyvyyTE3xzB2ZywiAwp0i
3TVXtAsR1Inumwj472S9r4,Drake,2,related,0Y5tJX1MQlPlqiwlOH1tJY
3TVXtAsR1Inumwj472S9r4,Drake,2,related,7c0XG5cIJTrrAgEC3ULPiq
3TVXtAsR1Inumwj472S9r4,Drake,2,related,1URnnhqYAYcrqrcwql10ft
3TVXtAsR1Inumwj472S9r4,Drake,2,related,6l3HvQ5sa6mXTsMTB19rO5
3TVXtAsR1Inumwj472S9r4,Drake,2,related,55Aa2cqylxrFIXC767Z865
3TVXtAsR1Inumwj472S9r4,Drake,2,related,0iEtIxbK0KxaSlF7G42ZOp
3TVXtAsR1Inumwj472S9r4,Drake,2,related,5K4W6rqBFWDnAN6FQUkS6x
3TVXtAsR1Inumwj472S9r4,Drake,2,related,4Gso3d4CscCijv0lmajZWs
3TVXtAsR1Inumwj472S9r4,Drake,2,related,2hlmm7s2ICUX0LVIhVFlZQ
3TVXtAsR1Inumwj472S9r4,Drake,2,related,13ubrt8QOOCPljQ2FL1Kca
3TVXtAsR1Inumwj472S9r4,Drake,2,related,5f7VJjfbwm532GiveGC0ZK
3TVXtAsR1Inumwj472S9r4,Drake,2,related,0QHgL1lAIqAw0HtD7YldmP
3TVXtAsR1Inumwj472S9r4,Drake,2,related,50co4Is1HCEo8bhOyUWKpn
3TVXtAsR1Inumwj472S9r4,Drake,2,related,2YZyLoL8N0Wb9xBt1NhZWg
3TVXtAsR1Inumwj472S9r4,Drake,2,related,699OTQXzgjhIYAHMy9RyPD
3TVXtAsR1Inumwj472S9r4,Drake,2,related,1Xyo4u8uXC1ZmMpatF05PJ
4Gso3d4CscCijv0lmajZWs,Don Toliver,2,,
4Gso3d4CscCijv0lmajZWs,Don Toliver,2,explored,1ooV8YZC1KbpEcrmI8WH0F
4Gso3d4CscCijv0lmajZWs,Don Toliver,2,related,0Y5tJX1MQlPlqiwlOH1tJY
4Gso3d4CscCijv0lmajZWs,Don Toliver,2,related,0iEtIxbK0KxaSlF7G42ZOp
4Gso3d4CscCijv0lmajZWs,Don Toliver,2,related,699OTQXzgjhIYAHMy9RyPD
4Gso3d4CscCijv0lmajZWs,Don Toliver,2,related,1RyvyyTE3xzB2ZywiAwp0i
4Gso3d4CscCijv0lmajZWs,Don Toliver,2,related,3TVXtAsR1Inumwj472S9r4
4Gso3d4CscCijv0lmajZWs,Don Toliver,2,related,4Ga1P7PMIsmqEZqhYZQgDo
4Gso3d4CscCijv0lmajZWs,Don Toliver,2,related,7c0XG5cIJTrrAgEC3ULPiq
4Gso3d4CscCijv0lmajZWs,Don Toliver,2,related,2hlmm7s2ICUX0LVIhVFlZQ
4Gso3d4CscCijv0lmajZWs,Don Toliver,2,related,1URnnhqYAYcrqrcwql10ft
4Gso3d4CscCijv0lmajZWs,Don Toliver,2,related,50co4Is1HCEo8bhOyUWKpn
4Gso3d4CscCijv0lmajZWs,Don Toliver,2,related,4DdkRBBYG6Yk9Ka8tdJ9BW
4Gso3d4CscCijv0lmajZWs,Don Toliver,2,related,2jku7tDXc6XoB6MO2hFuqg
4Gso3d4CscCijv0lmajZWs,Don Toliver,2,related,13ubrt8QOOCPljQ2FL1Kca
4Gso3d4CscCijv0lmajZWs,Don Toliver,2,related,0VRj0yCOv2FXJNP47XQnx5
4Gso3d4CscCijv0lmajZWs,Don Toliver,2,related,0YinUQ50QDB7ZxSCLyQ40k
4Gso3d4CscCijv0lmajZWs,Don Toliver,2,related,3qiHUAX7zY4Qnjx8TNUzVx
4Gso3d4CscCijv0lmajZWs,Don Toliver,2,related,2YZyLoL8N0Wb9xBt1NhZWg
4Gso3d4CscCijv0lmajZWs,Don Toliver,2,related,2HPaUgqeutzr3jx5a9WyDV
4Gso3d4CscCijv0lmajZWs,Don Toliver,2,related,4O15NlyKLIASxsJ0PrXPfz
0iEtIxbK0KxaSlF7G42ZOp,Metro Boomin,2,,
0iEtIxbK0KxaSlF7G42ZOp,Metro Boomin,2,explored,4xPQFgDA5M2xa0ZGo5iIsv
0iEtIxbK0KxaSlF7G42ZOp,Metro Boomin,2,related,1URnnhqYAYcrqrcwql10ft
0iEtIxbK0KxaSlF7G42ZOp,Metro Boomin,2,related,0Y5tJX1MQlPlqiwlOH1tJY
0iEtIxbK0KxaSlF7G42ZOp,Metro Boomin,2,related,1RyvyyTE3xzB2ZywiAwp0i
0iEtIxbK0KxaSlF7G42ZOp,Metro Boomin,2,related,4Gso3d4CscCijv0lmajZWs
0iEtIxbK0KxaSlF7G42ZOp,Metro Boomin,2,related,0VRj0yCOv2FXJNP47XQnx5
0iEtIxbK0KxaSlF7G42ZOp,Metro Boomin,2,related,3TVXtAsR1Inumwj472S9r4
0iEtIxbK0KxaSlF7G42ZOp,Metro Boomin,2,related,699OTQXzgjhIYAHMy9RyPD
0iEtIxbK0KxaSlF7G42ZOp,Metro Boomin,2,related,2YZyLoL8N0Wb9xBt1NhZWg
0iEtIxbK0KxaSlF7G42ZOp,Metro Boomin,2,related,7c0XG5cIJTrrAgEC3ULPiq
0iEtIxbK0KxaSlF7G42ZOp,Metro Boomin,2,related,13ubrt8QOOCPljQ2FL1Kca
0iEtIxbK0KxaSlF7G42ZOp,Metro Boomin,2,related,5SXuuuRpukkTvsLuUknva1
0iEtIxbK0KxaSlF7G42ZOp,Metro Boomin,2,related,5K4W6rqBFWDnAN6FQUkS6x
0iEtIxbK0KxaSlF7G42ZOp,Metro Boomin,2,related,0YinUQ50QDB7ZxSCLyQ40k
0iEtIxbK0KxaSlF7G42ZOp,Metro Boomin,2,related,4O15NlyKLIASxsJ0PrXPfz
0iEtIxbK0KxaSlF7G42ZOp,Metro Boomin,2,related,50co4Is1HCEo8bhOyUWKpn
0iEtIxbK0KxaSlF7G42ZOp,Metro Boomin,2,related,5f7VJjfbwm532GiveGC0ZK
0iEtIxbK0KxaSlF7G42ZOp,Metro Boomin,2,related,6l3HvQ5sa6mXTsMTB19rO5
0iEtIxbK0KxaSlF7G42ZOp,Metro Boomin,2,related,55Aa2cqylxrFIXC767Z865
0iEtIxbK0KxaSlF7G42ZOp,Metro Boomin,2,related,2hlmm7s2ICUX0LVIhVFlZQ
13ubrt8QOOCPljQ2FL1Kca,A$AP Rocky,3,,
13ubrt8QOOCPljQ2FL1Kca,A$AP Rocky,3,explored,73sIBHcqh3Z3NyqHKZ7FOL
13ubrt8QOOCPljQ2FL1Kca,A$AP Rocky,3,explored,5IcR3N7QB1j6KBL8eImZ8m
13ubrt8QOOCPljQ2FL1Kca,A$AP Rocky,3,explored,4LLpKhyESsyAXpc4laK94U
13ubrt8QOOCPljQ2FL1Kca,A$AP Rocky,3,explored,2h93pZq0e7k5yf4dywlkpM
13ubrt8QOOCPljQ2FL1Kca,A$AP Rocky,3,related,5K4W6rqBFWDnAN6FQUkS6x
13ubrt8QOOCPljQ2FL1Kca,A$AP Rocky,3,related,0Y5tJX1MQlPlqiwlOH1tJY
13ubrt8QOOCPljQ2FL1Kca,A$AP Rocky,3,related,1RyvyyTE3xzB2ZywiAwp0i
13ubrt8QOOCPljQ2FL1Kca,A$AP Rocky,3,related,0fA0VVWsXO9YnASrzqfmYu
13ubrt8QOOCPljQ2FL1Kca,A$AP Rocky,3,related,5dHt1vcEm9qb8fCyLcB3HL
13ubrt8QOOCPljQ2FL1Kca,A$AP Rocky,3,related,2YZyLoL8N0Wb9xBt1NhZWg
13ubrt8QOOCPljQ2FL1Kca,A$AP Rocky,3,related,699OTQXzgjhIYAHMy9RyPD
13ubrt8QOOCPljQ2FL1Kca,A$AP Rocky,3,related,1URnnhqYAYcrqrcwql10ft
13ubrt8QOOCPljQ2FL1Kca,A$AP Rocky,3,related,3TVXtAsR1Inumwj472S9r4
13ubrt8QOOCPljQ2FL1Kca,A$AP Rocky,3,related,0iEtIxbK0KxaSlF7G42ZOp
13ubrt8QOOCPljQ2FL1Kca,A$AP Rocky,3,related,6l3HvQ5sa6mXTsMTB19rO5
13ubrt8QOOCPljQ2FL1Kca,A$AP Rocky,3,related,7c0XG5cIJTrrAgEC3ULPiq
13ubrt8QOOCPljQ2FL1Kca,A$AP Rocky,3,related,5SXuuuRpukkTvsLuUknva1
13ubrt8QOOCPljQ2FL1Kca,A$AP Rocky,3,related,55Aa2cqylxrFIXC767Z865
13ubrt8QOOCPljQ2FL1Kca,A$AP Rocky,3,related,4Gso3d4CscCijv0lmajZWs
13ubrt8QOOCPljQ2FL1Kca,A$AP Rocky,3,related,6icQOAFXDZKsumw3YXyusw
2YZyLoL8N0Wb9xBt1NhZWg,Kendrick Lamar,3,,
2YZyLoL8N0Wb9xBt1NhZWg,Kendrick Lamar,3,explored,4V8LLVI7PbaPR0K2TGSxFF
2YZyLoL8N0Wb9xBt1NhZWg,Kendrick Lamar,3,explored,2RdwBSPQiwcmiDo9kixcl8
2YZyLoL8N0Wb9xBt1NhZWg,Kendrick Lamar,3,explored,7tYKF4w9nC0nq9CsPZTHyP
2YZyLoL8N0Wb9xBt1NhZWg,Kendrick Lamar,3,explored,3nFkdlSjzX9mRTtwJOzDYB
2YZyLoL8N0Wb9xBt1NhZWg,Kendrick Lamar,3,related,5K4W6rqBFWDnAN6FQUkS6x
2YZyLoL8N0Wb9xBt1NhZWg,Kendrick Lamar,3,related,0Y5tJX1MQlPlqiwlOH1tJY
2YZyLoL8N0Wb9xBt1NhZWg,Kendrick Lamar,3,related,0iEtIxbK0KxaSlF7G42ZOp
2YZyLoL8N0Wb9xBt1NhZWg,Kendrick Lamar,3,related,13ubrt8QOOCPljQ2FL1Kca
2YZyLoL8N0Wb9xBt1NhZWg,Kendrick Lamar,3,related,73sIBHcqh3Z3NyqHKZ7FOL
2YZyLoL8N0Wb9xBt1NhZWg,Kendrick Lamar,3,related,7c0XG5cIJTrrAgEC3ULPiq
2YZyLoL8N0Wb9xBt1NhZWg,Kendrick Lamar,3,related,1Xyo4u8uXC1ZmMpatF05PJ
2YZyLoL8N0Wb9xBt1NhZWg,Kendrick Lamar,3,related,6l3HvQ5sa6mXTsMTB19rO5
2YZyLoL8N0Wb9xBt1NhZWg,Kendrick Lamar,3,related,55Aa2cqylxrFIXC767Z865
2YZyLoL8N0Wb9xBt1NhZWg,Kendrick Lamar,3,related,3TVXtAsR1Inumwj472S9r4
2YZyLoL8N0Wb9xBt1NhZWg,Kendrick Lamar,3,related,1URnnhqYAYcrqrcwql10ft
2YZyLoL8N0Wb9xBt1NhZWg,Kendrick Lamar,3,related,1RyvyyTE3xzB2ZywiAwp0i
2YZyLoL8N0Wb9xBt1NhZWg,Kendrick Lamar,3,related,699OTQXzgjhIYAHMy9RyPD
2YZyLoL8N0Wb9xBt1NhZWg,Kendrick Lamar,3,related,4Gso3d4CscCijv0lmajZWs
2YZyLoL8N0Wb9xBt1NhZWg,Kendrick Lamar,3,related,2h93pZq0e7k5yf4dywlkpM
2YZyLoL8N0Wb9xBt1NhZWg,Kendrick Lamar,3,related,1zNqQNIdeOUZHb8zbZRFMX
2RDOrhPqAM4jzTRCEb19qX,Sheck Wes,3,,
2RDOrhPqAM4jzTRCEb19qX,Sheck Wes,3,related,0YinUQ50QDB7ZxSCLyQ40k
2RDOrhPqAM4jzTRCEb19qX,Sheck Wes,3,related,0Y5tJX1MQlPlqiwlOH1tJY
2RDOrhPqAM4jzTRCEb19qX,Sheck Wes,3,related,7A8S43ryYdbWpJKeHRZRcq
2RDOrhPqAM4jzTRCEb19qX,Sheck Wes,3,related,699OTQXzgjhIYAHMy9RyPD
2RDOrhPqAM4jzTRCEb19qX,Sheck Wes,3,related,4DdkRBBYG6Yk9Ka8tdJ9BW
2RDOrhPqAM4jzTRCEb19qX,Sheck Wes,3,related,50co4Is1HCEo8bhOyUWKpn
2RDOrhPqAM4jzTRCEb19qX,Sheck Wes,3,related,4Gso3d4CscCijv0lmajZWs
2RDOrhPqAM4jzTRCEb19qX,Sheck Wes,3,related,4Ga1P7PMIsmqEZqhYZQgDo
2RDOrhPqAM4jzTRCEb19qX,Sheck Wes,3,related,4O15NlyKLIASxsJ0PrXPfz
2RDOrhPqAM4jzTRCEb19qX,Sheck Wes,3,related,6icQOAFXDZKsumw3YXyusw
2RDOrhPqAM4jzTRCEb19qX,Sheck Wes,3,related,0VRj0yCOv2FXJNP47XQnx5
2RDOrhPqAM4jzTRCEb19qX,Sheck Wes,3,related,1URnnhqYAYcrqrcwql10ft
2RDOrhPqAM4jzTRCEb19qX,Sheck Wes,3,related,6oMuImdp5ZcFhWP0ESe6mG
2RDOrhPqAM4jzTRCEb19qX,Sheck Wes,3,related,0iEtIxbK0KxaSlF7G42ZOp
2RDOrhPqAM4jzTRCEb19qX,Sheck Wes,3,related,5yPzzu25VzEk8qrGTLIrE1
2RDOrhPqAM4jzTRCEb19qX,Sheck Wes,3,related,1RyvyyTE3xzB2ZywiAwp0i
2RDOrhPqAM4jzTRCEb19qX,Sheck Wes,3,related,13ubrt8QOOCPljQ2FL1Kca
2RDOrhPqAM4jzTRCEb19qX,Sheck Wes,3,related,5dHt1vcEm9qb8fCyLcB3HL
2RDOrhPqAM4jzTRCEb19qX,Sheck Wes,3,related,3qiHUAX7zY4Qnjx8TNUzVx
2RDOrhPqAM4jzTRCEb19qX,Sheck Wes,3,related,5SXuuuRpukkTvsLuUknva1
5K4W6rqBFWDnAN6FQUkS6x,Kanye West,3,,
5K4W6rqBFWDnAN6FQUkS6x,Kanye West,3,explored,1G9G7WwrXka3Z1r7aIDjI7
5K4W6rqBFWDnAN6FQUkS6x,Kanye West,3,explored,3q7HBObVc0L8jNeTe5Gofh
5K4W6rqBFWDnAN6FQUkS6x,Kanye West,3,related,2YZyLoL8N0Wb9xBt1NhZWg
5K4W6rqBFWDnAN6FQUkS6x,Kanye West,3,related,3nFkdlSjzX9mRTtwJOzDYB
5K4W6rqBFWDnAN6FQUkS6x,Kanye West,3,related,13ubrt8QOOCPljQ2FL1Kca
5K4W6rqBFWDnAN6FQUkS6x,Kanye West,3,related,6l3HvQ5sa6mXTsMTB19rO5
5K4W6rqBFWDnAN6FQUkS6x,Kanye West,3,related,0Y5tJX1MQlPlqiwlOH1tJY
5K4W6rqBFWDnAN6FQUkS6x,Kanye West,3,related,3TVXtAsR1Inumwj472S9r4
5K4W6rqBFWDnAN6FQUkS6x,Kanye West,3,related,0fA0VVWsXO9YnASrzqfmYu
5K4W6rqBFWDnAN6FQUkS6x,Kanye West,3,related,73sIBHcqh3Z3NyqHKZ7FOL
5K4W6rqBFWDnAN6FQUkS6x,Kanye West,3,related,55Aa2cqylxrFIXC767Z865
5K4W6rqBFWDnAN6FQUkS6x,Kanye West,3,related,7c0XG5cIJTrrAgEC3ULPiq
5K4W6rqBFWDnAN6FQUkS6x,Kanye West,3,related,0iEtIxbK0KxaSlF7G42ZOp
5K4W6rqBFWDnAN6FQUkS6x,Kanye West,3,related,1URnnhqYAYcrqrcwql10ft
5K4W6rqBFWDnAN6FQUkS6x,Kanye West,3,related,1RyvyyTE3xzB2ZywiAwp0i
5K4W6rqBFWDnAN6FQUkS6x,Kanye West,3,related,4V8LLVI7PbaPR0K2TGSxFF
5K4W6rqBFWDnAN6FQUkS6x,Kanye West,3,related,5SXuuuRpukkTvsLuUknva1
5K4W6rqBFWDnAN6FQUkS6x,Kanye West,3,related,2h93pZq0e7k5yf4dywlkpM
5K4W6rqBFWDnAN6FQUkS6x,Kanye West,3,related,2RdwBSPQiwcmiDo9kixcl8
5K4W6rqBFWDnAN6FQUkS6x,Kanye West,3,related,699OTQXzgjhIYAHMy9RyPD
15iVAtD3s3FsQR4w1v6M0P,Chief Keef,3,,
15iVAtD3s3FsQR4w1v6M0P,Chief Keef,3,explored,2ODbg2404zUzTi02qIPEjB
15iVAtD3s3FsQR4w1v6M0P,Chief Keef,3,explored,6QtgPSJPSzcnn7dPZ4VINp
15iVAtD3s3FsQR4w1v6M0P,Chief Keef,3,explored,3IaKn0ExWTMPqa0mscUYw3
15iVAtD3s3FsQR4w1v6M0P,Chief Keef,3,related,4O15NlyKLIASxsJ0PrXPfz
15iVAtD3s3FsQR4w1v6M0P,Chief Keef,3,related,46SHBwWsqBkxI7EeeBEQG7
15iVAtD3s3FsQR4w1v6M0P,Chief Keef,3,related,6icQOAFXDZKsumw3YXyusw
15iVAtD3s3FsQR4w1v6M0P,Chief Keef,3,related,5yPzzu25VzEk8qrGTLIrE1
15iVAtD3s3FsQR4w1v6M0P,Chief Keef,3,related,13y7CgLHjMVRMDqxdx0Xdo
15iVAtD3s3FsQR4w1v6M0P,Chief Keef,3,related,1RyvyyTE3xzB2ZywiAwp0i
15iVAtD3s3FsQR4w1v6M0P,Chief Keef,3,related,699OTQXzgjhIYAHMy9RyPD
15iVAtD3s3FsQR4w1v6M0P,Chief Keef,3,related,50co4Is1HCEo8bhOyUWKpn
15iVAtD3s3FsQR4w1v6M0P,Chief Keef,3,related,3qiHUAX7zY4Qnjx8TNUzVx
15iVAtD3s3FsQR4w1v6M0P,Chief Keef,3,related,0ErzCpIMyLcjPiwT4elrtZ
15iVAtD3s3FsQR4w1v6M0P,Chief Keef,3,related,13ubrt8QOOCPljQ2FL1Kca
15iVAtD3s3FsQR4w1v6M0P,Chief Keef,3,related,1URnnhqYAYcrqrcwql10ft
15iVAtD3s3FsQR4w1v6M0P,Chief Keef,3,related,3gBZUcNeVumkeeJ19CY2sX
15iVAtD3s3FsQR4w1v6M0P,Chief Keef,3,related,6Xgp2XMz1fhVYe7i6yNAax
15iVAtD3s3FsQR4w1v6M0P,Chief Keef,3,related,5f7VJjfbwm532GiveGC0ZK
15iVAtD3s3FsQR4w1v6M0P,Chief Keef,3,related,0YinUQ50QDB7ZxSCLyQ40k
15iVAtD3s3FsQR4w1v6M0P,Chief Keef,3,related,6oMuImdp5ZcFhWP0ESe6mG
0ErzCpIMyLcjPiwT4elrtZ,NLE Choppa,3,,
0ErzCpIMyLcjPiwT4elrtZ,NLE Choppa,3,related,6QtgPSJPSzcnn7dPZ4VINp
0ErzCpIMyLcjPiwT4elrtZ,NLE Choppa,3,related,4r63FhuTkUYltbVAg5TQnk
0ErzCpIMyLcjPiwT4elrtZ,NLE Choppa,3,related,1URnnhqYAYcrqrcwql10ft
0ErzCpIMyLcjPiwT4elrtZ,NLE Choppa,3,related,5f7VJjfbwm532GiveGC0ZK
0ErzCpIMyLcjPiwT4elrtZ,NLE Choppa,3,related,0YinUQ50QDB7ZxSCLyQ40k
0ErzCpIMyLcjPiwT4elrtZ,NLE Choppa,3,related,4Ga1P7PMIsmqEZqhYZQgDo
0ErzCpIMyLcjPiwT4elrtZ,NLE Choppa,3,related,4O15NlyKLIASxsJ0PrXPfz
0ErzCpIMyLcjPiwT4elrtZ,NLE Choppa,3,related,1RyvyyTE3xzB2ZywiAwp0i
0ErzCpIMyLcjPiwT4elrtZ,NLE Choppa,3,related,46SHBwWsqBkxI7EeeBEQG7
0ErzCpIMyLcjPiwT4elrtZ,NLE Choppa,3,related,6AgTAQt8XS6jRWi4sX7w49
0ErzCpIMyLcjPiwT4elrtZ,NLE Choppa,3,related,0VRj0yCOv2FXJNP47XQnx5
0ErzCpIMyLcjPiwT4elrtZ,NLE Choppa,3,related,0iEtIxbK0KxaSlF7G42ZOp
0ErzCpIMyLcjPiwT4elrtZ,NLE Choppa,3,related,1cNDP5yjU5vjeR8qMf4grg
0ErzCpIMyLcjPiwT4elrtZ,NLE Choppa,3,related,3IaKn0ExWTMPqa0mscUYw3
0ErzCpIMyLcjPiwT4elrtZ,NLE Choppa,3,related,6i392l38cR3uBPF0DbNs7S
0ErzCpIMyLcjPiwT4elrtZ,NLE Choppa,3,related,15iVAtD3s3FsQR4w1v6M0P
0ErzCpIMyLcjPiwT4elrtZ,NLE Choppa,3,related,6Xgp2XMz1fhVYe7i6yNAax
0ErzCpIMyLcjPiwT4elrtZ,NLE Choppa,3,related,31W5EY0aAly4Qieq6OFu6I
0ErzCpIMyLcjPiwT4elrtZ,NLE Choppa,3,related,6jGMq4yGs7aQzuGsMgVgZR
0ErzCpIMyLcjPiwT4elrtZ,NLE Choppa,3,related,6oMuImdp5ZcFhWP0ESe6mG
2SJhf6rTOU53g8yBdAjPby,SoFaygo,3,,
2SJhf6rTOU53g8yBdAjPby,SoFaygo,3,explored,3x3jSlhyv5CiCZDZlaTq0M
2SJhf6rTOU53g8yBdAjPby,SoFaygo,3,explored,1xgl9yxqIVq8PEEMai38uV
2SJhf6rTOU53g8yBdAjPby,SoFaygo,3,explored,46HzS7yz0c9udVwtbHk1sx
2SJhf6rTOU53g8yBdAjPby,SoFaygo,3,explored,7GuUYiGZOzQwq4L6gAfy1T
2SJhf6rTOU53g8yBdAjPby,SoFaygo,3,explored,5ySK6tR70ZunnmPEHCrCwF
2SJhf6rTOU53g8yBdAjPby,SoFaygo,3,related,6os1temnovzJIEGRUmn3fG
2SJhf6rTOU53g8yBdAjPby,SoFaygo,3,related,3qiHUAX7zY4Qnjx8TNUzVx
2SJhf6rTOU53g8yBdAjPby,SoFaygo,3,related,3gBZUcNeVumkeeJ19CY2sX
2SJhf6rTOU53g8yBdAjPby,SoFaygo,3,related,1HPW4jeRjXBFRoUnSvBzoD
2SJhf6rTOU53g8yBdAjPby,SoFaygo,3,related,2sF5nNXnrrsCPZlt8ZpyGd
2SJhf6rTOU53g8yBdAjPby,SoFaygo,3,related,2ojqsY1ycYzZOpLDBBwHPU
2SJhf6rTOU53g8yBdAjPby,SoFaygo,3,related,4Ga1P7PMIsmqEZqhYZQgDo
2SJhf6rTOU53g8yBdAjPby,SoFaygo,3,related,2RDOrhPqAM4jzTRCEb19qX
2SJhf6rTOU53g8yBdAjPby,SoFaygo,3,related,6icQOAFXDZKsumw3YXyusw
2SJhf6rTOU53g8yBdAjPby,SoFaygo,3,related,23hzc59PkIUau13dqXx5Ef
2SJhf6rTOU53g8yBdAjPby,SoFaygo,3,related,5yPzzu25VzEk8qrGTLIrE1
2SJhf6rTOU53g8yBdAjPby,SoFaygo,3,related,4O15NlyKLIASxsJ0PrXPfz
2SJhf6rTOU53g8yBdAjPby,SoFaygo,3,related,699OTQXzgjhIYAHMy9RyPD
2SJhf6rTOU53g8yBdAjPby,SoFaygo,3,related,6hpztnbgmaneFFGGnEOVjd
2SJhf6rTOU53g8yBdAjPby,SoFaygo,3,related,50co4Is1HCEo8bhOyUWKpn
7c0XG5cIJTrrAgEC3ULPiq,Ty Dolla $ign,3,,
7c0XG5cIJTrrAgEC3ULPiq,Ty Dolla $ign,3,explored,5LHRHt1k9lMyONurDHEdrp
7c0XG5cIJTrrAgEC3ULPiq,Ty Dolla $ign,3,explored,6vXTefBL93Dj5IqAWq6OTv
7c0XG5cIJTrrAgEC3ULPiq,Ty Dolla $ign,3,explored,7bXgB6jMjp9ATFy66eO08Z
7c0XG5cIJTrrAgEC3ULPiq,Ty Dolla $ign,3,explored,3KV3p5EY4AvKxOlhGHORLg
7c0XG5cIJTrrAgEC3ULPiq,Ty Dolla $ign,3,explored,2LIk90788K0zvyj2JJVwkJ
7c0XG5cIJTrrAgEC3ULPiq,Ty Dolla $ign,3,related,0QHgL1lAIqAw0HtD7YldmP
7c0XG5cIJTrrAgEC3ULPiq,Ty Dolla $ign,3,related,3TVXtAsR1Inumwj472S9r4
7c0XG5cIJTrrAgEC3ULPiq,Ty Dolla $ign,3,related,55Aa2cqylxrFIXC767Z865
7c0XG5cIJTrrAgEC3ULPiq,Ty Dolla $ign,3,related,1RyvyyTE3xzB2ZywiAwp0i
7c0XG5cIJTrrAgEC3ULPiq,Ty Dolla $ign,3,related,0c173mlxpT3dSFRgMO8XPh
7c0XG5cIJTrrAgEC3ULPiq,Ty Dolla $ign,3,related,0Y5tJX1MQlPlqiwlOH1tJY
7c0XG5cIJTrrAgEC3ULPiq,Ty Dolla $ign,3,related,2jku7tDXc6XoB6MO2hFuqg
7c0XG5cIJTrrAgEC3ULPiq,Ty Dolla $ign,3,related,0YinUQ50QDB7ZxSCLyQ40k
7c0XG5cIJTrrAgEC3ULPiq,Ty Dolla $ign,3,related,0iEtIxbK0KxaSlF7G42ZOp
7c0XG5cIJTrrAgEC3ULPiq,Ty Dolla $ign,3,related,4Gso3d4CscCijv0lmajZWs
7c0XG5cIJTrrAgEC3ULPiq,Ty Dolla $ign,3,related,2YZyLoL8N0Wb9xBt1NhZWg
7c0XG5cIJTrrAgEC3ULPiq,Ty Dolla $ign,3,related,5K4W6rqBFWDnAN6FQUkS6x
7c0XG5cIJTrrAgEC3ULPiq,Ty Dolla $ign,3,related,13ubrt8QOOCPljQ2FL1Kca
7c0XG5cIJTrrAgEC3ULPiq,Ty Dolla $ign,3,related,5dHt1vcEm9qb8fCyLcB3HL
7c0XG5cIJTrrAgEC3ULPiq,Ty Dolla $ign,3,related,1Xyo4u8uXC1ZmMpatF05PJ
55Aa2cqylxrFIXC767Z865,Lil Wayne,3,,
55Aa2cqylxrFIXC767Z865,Lil Wayne,3,explored,137W8MRPWKqSmrBGDBFSop
55Aa2cqylxrFIXC767Z865,Lil Wayne,3,explored,3aQeKQSyrW4qWr35idm0cy
55Aa2cqylxrFIXC767Z865,Lil Wayne,3,explored,4OBJLual30L7gRl5UkeRcT
55Aa2cqylxrFIXC767Z865,Lil Wayne,3,related,7c0XG5cIJTrrAgEC3ULPiq
55Aa2cqylxrFIXC767Z865,Lil Wayne,3,related,0c173mlxpT3dSFRgMO8XPh
55Aa2cqylxrFIXC767Z865,Lil Wayne,3,related,0QHgL1lAIqAw0HtD7YldmP
55Aa2cqylxrFIXC767Z865,Lil Wayne,3,related,3TVXtAsR1Inumwj472S9r4
55Aa2cqylxrFIXC767Z865,Lil Wayne,3,related,1sBkRIssrMs1AbVkOJbc7a
55Aa2cqylxrFIXC767Z865,Lil Wayne,3,related,17lzZA2AlOHwCwFALHttmp
55Aa2cqylxrFIXC767Z865,Lil Wayne,3,related,6l3HvQ5sa6mXTsMTB19rO5
55Aa2cqylxrFIXC767Z865,Lil Wayne,3,related,1RyvyyTE3xzB2ZywiAwp0i
55Aa2cqylxrFIXC767Z865,Lil Wayne,3,related,3nFkdlSjzX9mRTtwJOzDYB
55Aa2cqylxrFIXC767Z865,Lil Wayne,3,related,5K4W6rqBFWDnAN6FQUkS6x
55Aa2cqylxrFIXC767Z865,Lil Wayne,3,related,2YZyLoL8N0Wb9xBt1NhZWg
55Aa2cqylxrFIXC767Z865,Lil Wayne,3,related,13ubrt8QOOCPljQ2FL1Kca
55Aa2cqylxrFIXC767Z865,Lil Wayne,3,related,13y7CgLHjMVRMDqxdx0Xdo
55Aa2cqylxrFIXC767Z865,Lil Wayne,3,related,1URnnhqYAYcrqrcwql10ft
55Aa2cqylxrFIXC767Z865,Lil Wayne,3,related,0Y5tJX1MQlPlqiwlOH1tJY
55Aa2cqylxrFIXC767Z865,Lil Wayne,3,related,0VRj0yCOv2FXJNP47XQnx5
55Aa2cqylxrFIXC767Z865,Lil Wayne,3,related,0fA0VVWsXO9YnASrzqfmYu
6l3HvQ5sa6mXTsMTB19rO5,J. Cole,3,,
6l3HvQ5sa6mXTsMTB19rO5,J. Cole,3,explored,70gP6Ry4Uo0Yx6uzPIdaiJ
6l3HvQ5sa6mXTsMTB19rO5,J. Cole,3,related,5K4W6rqBFWDnAN6FQUkS6x
6l3HvQ5sa6mXTsMTB19rO5,J. Cole,3,related,3TVXtAsR1Inumwj472S9r4
6l3HvQ5sa6mXTsMTB19rO5,J. Cole,3,related,0c173mlxpT3dSFRgMO8XPh
6l3HvQ5sa6mXTsMTB19rO5,J. Cole,3,related,55Aa2cqylxrFIXC767Z865
6l3HvQ5sa6mXTsMTB19rO5,J. Cole,3,related,1URnnhqYAYcrqrcwql10ft
6l3HvQ5sa6mXTsMTB19rO5,J. Cole,3,related,13ubrt8QOOCPljQ2FL1Kca
6l3HvQ5sa6mXTsMTB19rO5,J. Cole,3,related,5dHt1vcEm9qb8fCyLcB3HL
6l3HvQ5sa6mXTsMTB19rO5,J. Cole,3,related,1RyvyyTE3xzB2ZywiAwp0i
6l3HvQ5sa6mXTsMTB19rO5,J. Cole,3,related,2YZyLoL8N0Wb9xBt1NhZWg
6l3HvQ5sa6mXTsMTB19rO5,J. Cole,3,related,7c0XG5cIJTrrAgEC3ULPiq
6l3HvQ5sa6mXTsMTB19rO5,J. Cole,3,related,5IcR3N7QB1j6KBL8eImZ8m
6l3HvQ5sa6mXTsMTB19rO5,J. Cole,3,related,28ExwzUQsvgJooOI0X1mr3
6l3HvQ5sa6mXTsMTB19rO5,J. Cole,3,related,5SXuuuRpukkTvsLuUknva1
6l3HvQ5sa6mXTsMTB19rO5,J. Cole,3,related,0iEtIxbK0KxaSlF7G42ZOp
6l3HvQ5sa6mXTsMTB19rO5,J. Cole,3,related,3nFkdlSjzX9mRTtwJOzDYB
6l3HvQ5sa6mXTsMTB19rO5,J. Cole,3,related,0QHgL1lAIqAw0HtD7YldmP
6l3HvQ5sa6mXTsMTB19rO5,J. Cole,3,related,0Y5tJX1MQlPlqiwlOH1tJY
6l3HvQ5sa6mXTsMTB19rO5,J. Cole,3,related,20sxb77xiYeusSH8cVdatc
6l3HvQ5sa6mXTsMTB19rO5,J. Cole,3,related,0YinUQ50QDB7ZxSCLyQ40k
1Xyo4u8uXC1ZmMpatF05PJ,The Weeknd,3,,
1Xyo4u8uXC1ZmMpatF05PJ,The Weeknd,3,explored,5cj0lLjcoR7YOSnhnX0Po5
1Xyo4u8uXC1ZmMpatF05PJ,The Weeknd,3,explored,3hteYQFiMFbJY7wS0xDymP
1Xyo4u8uXC1ZmMpatF05PJ,The Weeknd,3,explored,5pKCCKE2ajJHZ9KAiaK11H
1Xyo4u8uXC1ZmMpatF05PJ,The Weeknd,3,explored,1pBLC0qVRTB5zVMuteQ9jJ
1Xyo4u8uXC1ZmMpatF05PJ,The Weeknd,3,explored,0du5cEVh5yTK9QJze8zA0C
1Xyo4u8uXC1ZmMpatF05PJ,The Weeknd,3,related,2YZyLoL8N0Wb9xBt1NhZWg
1Xyo4u8uXC1ZmMpatF05PJ,The Weeknd,3,related,7c0XG5cIJTrrAgEC3ULPiq
1Xyo4u8uXC1ZmMpatF05PJ,The Weeknd,3,related,7tYKF4w9nC0nq9CsPZTHyP
1Xyo4u8uXC1ZmMpatF05PJ,The Weeknd,3,related,1zNqQNIdeOUZHb8zbZRFMX
1Xyo4u8uXC1ZmMpatF05PJ,The Weeknd,3,related,0Y5tJX1MQlPlqiwlOH1tJY
1Xyo4u8uXC1ZmMpatF05PJ,The Weeknd,3,related,6qqNVTkY8uBg9cP3Jd7DAH
1Xyo4u8uXC1ZmMpatF05PJ,The Weeknd,3,related,3TVXtAsR1Inumwj472S9r4
1Xyo4u8uXC1ZmMpatF05PJ,The Weeknd,3,related,540vIaP2JwjQb9dm3aArA4
1Xyo4u8uXC1ZmMpatF05PJ,The Weeknd,3,related,66CXWjxzNUsdJxJ2JdwvnR
1Xyo4u8uXC1ZmMpatF05PJ,The Weeknd,3,related,00FQb4jTyendYWaN8pK0wa
1Xyo4u8uXC1ZmMpatF05PJ,The Weeknd,3,related,0iEtIxbK0KxaSlF7G42ZOp
1Xyo4u8uXC1ZmMpatF05PJ,The Weeknd,3,related,77SW9BnxLY8rJ0RciFqkHh
1Xyo4u8uXC1ZmMpatF05PJ,The Weeknd,3,related,2tIP7SsRs7vjIcLrU85W8J
1Xyo4u8uXC1ZmMpatF05PJ,The Weeknd,3,related,4Gso3d4CscCijv0lmajZWs
1Xyo4u8uXC1ZmMpatF05PJ,The Weeknd,3,related,73sIBHcqh3Z3NyqHKZ7FOL
5dHt1vcEm9qb8fCyLcB3HL,A$AP Ferg,3,,
5dHt1vcEm9qb8fCyLcB3HL,A$AP Ferg,3,explored,5XenQ7XfcvQdfIbpLEFaKQ
5dHt1vcEm9qb8fCyLcB3HL,A$AP Ferg,3,explored,0NWbwDZY1VkRqFafuQm6wk
5dHt1vcEm9qb8fCyLcB3HL,A$AP Ferg,3,explored,0A0FS04o6zMoto8OKPsDwY
5dHt1vcEm9qb8fCyLcB3HL,A$AP Ferg,3,related,28ExwzUQsvgJooOI0X1mr3
5dHt1vcEm9qb8fCyLcB3HL,A$AP Ferg,3,related,0YinUQ50QDB7ZxSCLyQ40k
5dHt1vcEm9qb8fCyLcB3HL,A$AP Ferg,3,related,13ubrt8QOOCPljQ2FL1Kca
5dHt1vcEm9qb8fCyLcB3HL,A$AP Ferg,3,related,5IcR3N7QB1j6KBL8eImZ8m
5dHt1vcEm9qb8fCyLcB3HL,A$AP Ferg,3,related,0c173mlxpT3dSFRgMO8XPh
5dHt1vcEm9qb8fCyLcB3HL,A$AP Ferg,3,related,6l3HvQ5sa6mXTsMTB19rO5
5dHt1vcEm9qb8fCyLcB3HL,A$AP Ferg,3,related,6oMuImdp5ZcFhWP0ESe6mG
5dHt1vcEm9qb8fCyLcB3HL,A$AP Ferg,3,related,7c0XG5cIJTrrAgEC3ULPiq
5dHt1vcEm9qb8fCyLcB3HL,A$AP Ferg,3,related,1URnnhqYAYcrqrcwql10ft
5dHt1vcEm9qb8fCyLcB3HL,A$AP Ferg,3,related,5SXuuuRpukkTvsLuUknva1
5dHt1vcEm9qb8fCyLcB3HL,A$AP Ferg,3,related,0QHgL1lAIqAw0HtD7YldmP
5dHt1vcEm9qb8fCyLcB3HL,A$AP Ferg,3,related,1RyvyyTE3xzB2ZywiAwp0i
5dHt1vcEm9qb8fCyLcB3HL,A$AP Ferg,3,related,17lzZA2AlOHwCwFALHttmp
5dHt1vcEm9qb8fCyLcB3HL,A$AP Ferg,3,related,0iEtIxbK0KxaSlF7G42ZOp
5dHt1vcEm9qb8fCyLcB3HL,A$AP Ferg,3,related,55Aa2cqylxrFIXC767Z865
5dHt1vcEm9qb8fCyLcB3HL,A$AP Ferg,3,related,0VRj0yCOv2FXJNP47XQnx5
5dHt1vcEm9qb8fCyLcB3HL,A$AP Ferg,3,related,0Y5tJX1MQlPlqiwlOH1tJY
2kCcBybjl3SAtIcwdWpUe3,Lil Peep,3,,
2kCcBybjl3SAtIcwdWpUe3,Lil Peep,3,explored,5g63iWaMJ2UrkZMkCC8dMi
2kCcBybjl3SAtIcwdWpUe3,Lil Peep,3,explored,1VKWlHqcqwmU9CGKkJR09R
2kCcBybjl3SAtIcwdWpUe3,Lil Peep,3,explored,0LBfcXnrLErD1afLyzB2xA
2kCcBybjl3SAtIcwdWpUe3,Lil Peep,3,explored,1VPmR4DJC1PlOtd0IADAO0
2kCcBybjl3SAtIcwdWpUe3,Lil Peep,3,explored,4XWaILHqySwH1y6LhlYcsb
2kCcBybjl3SAtIcwdWpUe3,Lil Peep,3,related,15UsOTVnJzReFVN1VCnxy4
2kCcBybjl3SAtIcwdWpUe3,Lil Peep,3,related,6Xgp2XMz1fhVYe7i6yNAax
2kCcBybjl3SAtIcwdWpUe3,Lil Peep,3,related,4MCBfE4596Uoi2O4DtmEMz
2kCcBybjl3SAtIcwdWpUe3,Lil Peep,3,related,13ubrt8QOOCPljQ2FL1Kca
2kCcBybjl3SAtIcwdWpUe3,Lil Peep,3,related,1fsCfvdiomqjKJFR6xI8e4
2kCcBybjl3SAtIcwdWpUe3,Lil Peep,3,related,7wT0a0iOAuvNC6tXUav7Xt
2kCcBybjl3SAtIcwdWpUe3,Lil Peep,3,related,5vSQUyT33qxr1xAX2Tkf3A
2kCcBybjl3SAtIcwdWpUe3,Lil Peep,3,related,77SW9BnxLY8rJ0RciFqkHh
2kCcBybjl3SAtIcwdWpUe3,Lil Peep,3,related,5v2WhpA59TJSdPh7LCx1lN
2kCcBybjl3SAtIcwdWpUe3,Lil Peep,3,related,4O15NlyKLIASxsJ0PrXPfz
2kCcBybjl3SAtIcwdWpUe3,Lil Peep,3,related,5nvWOyAkfNgVLKESq4fOj2
2kCcBybjl3SAtIcwdWpUe3,Lil Peep,3,related,67lytN32YpUxiSeWlKfHJ3
2kCcBybjl3SAtIcwdWpUe3,Lil Peep,3,related,0Y5tJX1MQlPlqiwlOH1tJY
2kCcBybjl3SAtIcwdWpUe3,Lil Peep,3,related,3uo0ix4Y67XHVWBhXXIY1S
2kCcBybjl3SAtIcwdWpUe3,Lil Peep,3,related,4MvZhE1iuzttcoyepkpfdF
1zNqQNIdeOUZHb8zbZRFMX,Swae Lee,3,,
1zNqQNIdeOUZHb8zbZRFMX,Swae Lee,3,explored,6LuN9FCkKOj5PcnpouEgny
1zNqQNIdeOUZHb8zbZRFMX,Swae Lee,3,explored,246dkjvS1zLTtiykXe5h60
1zNqQNIdeOUZHb8zbZRFMX,Swae Lee,3,explored,540vIaP2JwjQb9dm3aArA4
1zNqQNIdeOUZHb8zbZRFMX,Swae Lee,3,explored,02kJSzxNuaWGqwubyUba0Z
1zNqQNIdeOUZHb8zbZRFMX,Swae Lee,3,explored,7jVv8c5Fj3E9VhNjxT4snq
1zNqQNIdeOUZHb8zbZRFMX,Swae Lee,3,related,6vXTefBL93Dj5IqAWq6OTv
1zNqQNIdeOUZHb8zbZRFMX,Swae Lee,3,related,1Xyo4u8uXC1ZmMpatF05PJ
1zNqQNIdeOUZHb8zbZRFMX,Swae Lee,3,related,137W8MRPWKqSmrBGDBFSop
1zNqQNIdeOUZHb8zbZRFMX,Swae Lee,3,related,7c0XG5cIJTrrAgEC3ULPiq
1zNqQNIdeOUZHb8zbZRFMX,Swae Lee,3,related,2YZyLoL8N0Wb9xBt1NhZWg
1zNqQNIdeOUZHb8zbZRFMX,Swae Lee,3,related,64KEffDW9EtZ1y2vBYgq8T
1zNqQNIdeOUZHb8zbZRFMX,Swae Lee,3,related,4nDoRrQiYLoBzwC5BhVJzF
1zNqQNIdeOUZHb8zbZRFMX,Swae Lee,3,related,0Y5tJX1MQlPlqiwlOH1tJY
1zNqQNIdeOUZHb8zbZRFMX,Swae Lee,3,related,5CiGnKThu5ctn9pBxv7DGa
1zNqQNIdeOUZHb8zbZRFMX,Swae Lee,3,related,0QHgL1lAIqAw0HtD7YldmP
1zNqQNIdeOUZHb8zbZRFMX,Swae Lee,3,related,0du5cEVh5yTK9QJze8zA0C
1zNqQNIdeOUZHb8zbZRFMX,Swae Lee,3,related,2LIk90788K0zvyj2JJVwkJ
1zNqQNIdeOUZHb8zbZRFMX,Swae Lee,3,related,2RdwBSPQiwcmiDo9kixcl8
1zNqQNIdeOUZHb8zbZRFMX,Swae Lee,3,related,3hteYQFiMFbJY7wS0xDymP
1zNqQNIdeOUZHb8zbZRFMX,Swae Lee,3,related,0iEtIxbK0KxaSlF7G42ZOp
7dGJo4pcD2V6oG8kP0tJRR,Eminem,3,,
7dGJo4pcD2V6oG8kP0tJRR,Eminem,3,explored,6DPYiyq5kWVQS4RGwxzPC7
7dGJo4pcD2V6oG8kP0tJRR,Eminem,3,explored,7hJcb9fa4alzcOq3EaNPoG
7dGJo4pcD2V6oG8kP0tJRR,Eminem,3,explored,3y24n3XhZ96wgwRXjvS17T
7dGJo4pcD2V6oG8kP0tJRR,Eminem,3,explored,0z4gvV4rjIZ9wHck67ucSV
7dGJo4pcD2V6oG8kP0tJRR,Eminem,3,explored,1ZwdS5xdxEREPySFridCfh
7dGJo4pcD2V6oG8kP0tJRR,Eminem,3,related,3q7HBObVc0L8jNeTe5Gofh
7dGJo4pcD2V6oG8kP0tJRR,Eminem,3,related,3nFkdlSjzX9mRTtwJOzDYB
7dGJo4pcD2V6oG8kP0tJRR,Eminem,3,related,137W8MRPWKqSmrBGDBFSop
7dGJo4pcD2V6oG8kP0tJRR,Eminem,3,related,3JhNCzhSMTxs9WLGJJxWOY
7dGJo4pcD2V6oG8kP0tJRR,Eminem,3,related,2YZyLoL8N0Wb9xBt1NhZWg
7dGJo4pcD2V6oG8kP0tJRR,Eminem,3,related,5K4W6rqBFWDnAN6FQUkS6x
7dGJo4pcD2V6oG8kP0tJRR,Eminem,3,related,246dkjvS1zLTtiykXe5h60
7dGJo4pcD2V6oG8kP0tJRR,Eminem,3,related,3Mcii5XWf6E0lrY3Uky4cA
7dGJo4pcD2V6oG8kP0tJRR,Eminem,3,related,5me0Irg2ANcsgc93uaYrpb
7dGJo4pcD2V6oG8kP0tJRR,Eminem,3,related,5BcAKTbp20cv7tC5VqPFoC
7dGJo4pcD2V6oG8kP0tJRR,Eminem,3,related,1yxSLGMDHlW21z4YXirZDS
7dGJo4pcD2V6oG8kP0tJRR,Eminem,3,related,53XhwfbYqKCa1cC15pYq2q
7dGJo4pcD2V6oG8kP0tJRR,Eminem,3,related,55Aa2cqylxrFIXC767Z865
7dGJo4pcD2V6oG8kP0tJRR,Eminem,3,related,1G9G7WwrXka3Z1r7aIDjI7
7dGJo4pcD2V6oG8kP0tJRR,Eminem,3,related,1Z8ODXyhEBi3WynYw0Rya6
2tIP7SsRs7vjIcLrU85W8J,The Kid LAROI,3,,
2tIP7SsRs7vjIcLrU85W8J,The Kid LAROI,3,explored,1uNFoZAHBGtllmzznpCI3s
2tIP7SsRs7vjIcLrU85W8J,The Kid LAROI,3,explored,5fMUXHkw8R8eOP2RNVYEZX
2tIP7SsRs7vjIcLrU85W8J,The Kid LAROI,3,explored,45dkTj5sMRSjrmBSBeiHym
2tIP7SsRs7vjIcLrU85W8J,The Kid LAROI,3,explored,5CiGnKThu5ctn9pBxv7DGa
2tIP7SsRs7vjIcLrU85W8J,The Kid LAROI,3,explored,64KEffDW9EtZ1y2vBYgq8T
2tIP7SsRs7vjIcLrU85W8J,The Kid LAROI,3,related,246dkjvS1zLTtiykXe5h60
2tIP7SsRs7vjIcLrU85W8J,The Kid LAROI,3,related,7c0XG5cIJTrrAgEC3ULPiq
2tIP7SsRs7vjIcLrU85W8J,The Kid LAROI,3,related,2LIk90788K0zvyj2JJVwkJ
2tIP7SsRs7vjIcLrU85W8J,The Kid LAROI,3,related,1Xyo4u8uXC1ZmMpatF05PJ
2tIP7SsRs7vjIcLrU85W8J,The Kid LAROI,3,related,6LuN9FCkKOj5PcnpouEgny
2tIP7SsRs7vjIcLrU85W8J,The Kid LAROI,3,related,4Gso3d4CscCijv0lmajZWs
2tIP7SsRs7vjIcLrU85W8J,The Kid LAROI,3,related,7tYKF4w9nC0nq9CsPZTHyP
2tIP7SsRs7vjIcLrU85W8J,The Kid LAROI,3,related,0Y5tJX1MQlPlqiwlOH1tJY
2tIP7SsRs7vjIcLrU85W8J,The Kid LAROI,3,related,3TVXtAsR1Inumwj472S9r4
2tIP7SsRs7vjIcLrU85W8J,The Kid LAROI,3,related,4MCBfE4596Uoi2O4DtmEMz
2tIP7SsRs7vjIcLrU85W8J,The Kid LAROI,3,related,5y8tKLUfMvliMe8IKamR32
2tIP7SsRs7vjIcLrU85W8J,The Kid LAROI,3,related,1zNqQNIdeOUZHb8zbZRFMX
2tIP7SsRs7vjIcLrU85W8J,The Kid LAROI,3,related,5cj0lLjcoR7YOSnhnX0Po5
2tIP7SsRs7vjIcLrU85W8J,The Kid LAROI,3,related,2jku7tDXc6XoB6MO2hFuqg
2tIP7SsRs7vjIcLrU85W8J,The Kid LAROI,3,related,02kJSzxNuaWGqwubyUba0Z
7iZtZyCzp3LItcw1wtPI3D,Rae Sremmurd,3,,
7iZtZyCzp3LItcw1wtPI3D,Rae Sremmurd,3,explored,6PXS4YHDkKvl1wkIl4V8DL
7iZtZyCzp3LItcw1wtPI3D,Rae Sremmurd,3,explored,5M0lbkGluOPXLeFjApw8r8
7iZtZyCzp3LItcw1wtPI3D,Rae Sremmurd,3,explored,7pFeBzX627ff0VnN6bxPR4
7iZtZyCzp3LItcw1wtPI3D,Rae Sremmurd,3,explored,2hWs22BmQkK4czFtDLnar2
7iZtZyCzp3LItcw1wtPI3D,Rae Sremmurd,3,explored,4qBgvVog0wzW75IQ48mU7v
7iZtZyCzp3LItcw1wtPI3D,Rae Sremmurd,3,related,0c173mlxpT3dSFRgMO8XPh
7iZtZyCzp3LItcw1wtPI3D,Rae Sremmurd,3,related,6vXTefBL93Dj5IqAWq6OTv
7iZtZyCzp3LItcw1wtPI3D,Rae Sremmurd,3,related,6oMuImdp5ZcFhWP0ESe6mG
7iZtZyCzp3LItcw1wtPI3D,Rae Sremmurd,3,related,0NWbwDZY1VkRqFafuQm6wk
7iZtZyCzp3LItcw1wtPI3D,Rae Sremmurd,3,related,0QHgL1lAIqAw0HtD7YldmP
7iZtZyCzp3LItcw1wtPI3D,Rae Sremmurd,3,related,7c0XG5cIJTrrAgEC3ULPiq
7iZtZyCzp3LItcw1wtPI3D,Rae Sremmurd,3,related,02kJSzxNuaWGqwubyUba0Z
7iZtZyCzp3LItcw1wtPI3D,Rae Sremmurd,3,related,5dHt1vcEm9qb8fCyLcB3HL
7iZtZyCzp3LItcw1wtPI3D,Rae Sremmurd,3,related,5LHRHt1k9lMyONurDHEdrp
7iZtZyCzp3LItcw1wtPI3D,Rae Sremmurd,3,related,55Aa2cqylxrFIXC767Z865
7iZtZyCzp3LItcw1wtPI3D,Rae Sremmurd,3,related,3KV3p5EY4AvKxOlhGHORLg
7iZtZyCzp3LItcw1wtPI3D,Rae Sremmurd,3,related,137W8MRPWKqSmrBGDBFSop
7iZtZyCzp3LItcw1wtPI3D,Rae Sremmurd,3,related,0YinUQ50QDB7ZxSCLyQ40k
7iZtZyCzp3LItcw1wtPI3D,Rae Sremmurd,3,related,4O15NlyKLIASxsJ0PrXPfz
7iZtZyCzp3LItcw1wtPI3D,Rae Sremmurd,3,related,13ubrt8QOOCPljQ2FL1Kca
6jGMq4yGs7aQzuGsMgVgZR,Lil Tjay,3,,
6jGMq4yGs7aQzuGsMgVgZR,Lil Tjay,3,explored,14CHVeJGrR5xgUGQFV5BVM
6jGMq4yGs7aQzuGsMgVgZR,Lil Tjay,3,related,6AgTAQt8XS6jRWi4sX7w49
6jGMq4yGs7aQzuGsMgVgZR,Lil Tjay,3,related,1cNDP5yjU5vjeR8qMf4grg
6jGMq4yGs7aQzuGsMgVgZR,Lil Tjay,3,related,5f7VJjfbwm532GiveGC0ZK
6jGMq4yGs7aQzuGsMgVgZR,Lil Tjay,3,related,0eDvMgVFoNV3TpwtrVCoTj
6jGMq4yGs7aQzuGsMgVgZR,Lil Tjay,3,related,3hcs9uc56yIGFCSy9leWe7
6jGMq4yGs7aQzuGsMgVgZR,Lil Tjay,3,related,31W5EY0aAly4Qieq6OFu6I
6jGMq4yGs7aQzuGsMgVgZR,Lil Tjay,3,related,757aE44tKEUQEqRuT6GnEB
6jGMq4yGs7aQzuGsMgVgZR,Lil Tjay,3,related,6EPlBSH2RSiettczlz7ihV
6jGMq4yGs7aQzuGsMgVgZR,Lil Tjay,3,related,5zctI4wO9XSKS8XwcnqEHk
6jGMq4yGs7aQzuGsMgVgZR,Lil Tjay,3,related,0ErzCpIMyLcjPiwT4elrtZ
6jGMq4yGs7aQzuGsMgVgZR,Lil Tjay,3,related,4MCBfE4596Uoi2O4DtmEMz
6jGMq4yGs7aQzuGsMgVgZR,Lil Tjay,3,related,6MPCFvOQv5cIGfw3jODMF0
6jGMq4yGs7aQzuGsMgVgZR,Lil Tjay,3,related,6QtgPSJPSzcnn7dPZ4VINp
6jGMq4yGs7aQzuGsMgVgZR,Lil Tjay,3,related,4r63FhuTkUYltbVAg5TQnk
6jGMq4yGs7aQzuGsMgVgZR,Lil Tjay,3,related,4Ga1P7PMIsmqEZqhYZQgDo
6jGMq4yGs7aQzuGsMgVgZR,Lil Tjay,3,related,6Xgp2XMz1fhVYe7i6yNAax
6jGMq4yGs7aQzuGsMgVgZR,Lil Tjay,3,related,4O15NlyKLIASxsJ0PrXPfz
6jGMq4yGs7aQzuGsMgVgZR,Lil Tjay,3,related,1URnnhqYAYcrqrcwql10ft
6jGMq4yGs7aQzuGsMgVgZR,Lil Tjay,3,related,0YinUQ50QDB7ZxSCLyQ40k
3hcs9uc56yIGFCSy9leWe7,Lil Durk,3,,
3hcs9uc56yIGFCSy9leWe7,Lil Durk,3,explored,5QdEbQJ3ylBnc3gsIASAT5
3hcs9uc56yIGFCSy9leWe7,Lil Durk,3,explored,45gHcnDnMC15sgx3VL7ROG
3hcs9uc56yIGFCSy9leWe7,Lil Durk,3,explored,7wlFDEWiM5OoIAt8RSli8b
3hcs9uc56yIGFCSy9leWe7,Lil Durk,3,explored,6AUl0ykLLpvTktob97x9hO
3hcs9uc56yIGFCSy9leWe7,Lil Durk,3,explored,45TgXXqMDdF8BkjA83OM7z
3hcs9uc56yIGFCSy9leWe7,Lil Durk,3,related,5f7VJjfbwm532GiveGC0ZK
3hcs9uc56yIGFCSy9leWe7,Lil Durk,3,related,6AgTAQt8XS6jRWi4sX7w49
3hcs9uc56yIGFCSy9leWe7,Lil Durk,3,related,3tJoFztHeIJkJWMrx0td2f
3hcs9uc56yIGFCSy9leWe7,Lil Durk,3,related,6QtgPSJPSzcnn7dPZ4VINp
3hcs9uc56yIGFCSy9leWe7,Lil Durk,3,related,6jGMq4yGs7aQzuGsMgVgZR
3hcs9uc56yIGFCSy9leWe7,Lil Durk,3,related,2hlmm7s2ICUX0LVIhVFlZQ
3hcs9uc56yIGFCSy9leWe7,Lil Durk,3,related,46SHBwWsqBkxI7EeeBEQG7
3hcs9uc56yIGFCSy9leWe7,Lil Durk,3,related,14CHVeJGrR5xgUGQFV5BVM
3hcs9uc56yIGFCSy9leWe7,Lil Durk,3,related,1RyvyyTE3xzB2ZywiAwp0i
3hcs9uc56yIGFCSy9leWe7,Lil Durk,3,related,31W5EY0aAly4Qieq6OFu6I
3hcs9uc56yIGFCSy9leWe7,Lil Durk,3,related,50co4Is1HCEo8bhOyUWKpn
3hcs9uc56yIGFCSy9leWe7,Lil Durk,3,related,20sxb77xiYeusSH8cVdatc
3hcs9uc56yIGFCSy9leWe7,Lil Durk,3,related,0VRj0yCOv2FXJNP47XQnx5
3hcs9uc56yIGFCSy9leWe7,Lil Durk,3,related,5F1aAS1duwlzExnPs3l2Xe
3hcs9uc56yIGFCSy9leWe7,Lil Durk,3,related,4FlG0V0jhLO4qGpayFOphj
6EPlBSH2RSiettczlz7ihV,Sleepy Hallow,3,,
6EPlBSH2RSiettczlz7ihV,Sleepy Hallow,3,explored,1tG7s7S4sq2eFFW0QZyLbm
6EPlBSH2RSiettczlz7ihV,Sleepy Hallow,3,explored,0WK3H9OErSn5zKOkOV5egm
6EPlBSH2RSiettczlz7ihV,Sleepy Hallow,3,explored,0X3nsc84A9qlFilmlWNwQb
6EPlBSH2RSiettczlz7ihV,Sleepy Hallow,3,explored,6Vy1VMVCyTgbcmA1iz0QFg
6EPlBSH2RSiettczlz7ihV,Sleepy Hallow,3,related,6AgTAQt8XS6jRWi4sX7w49
6EPlBSH2RSiettczlz7ihV,Sleepy Hallow,3,related,6jGMq4yGs7aQzuGsMgVgZR
6EPlBSH2RSiettczlz7ihV,Sleepy Hallow,3,related,31W5EY0aAly4Qieq6OFu6I
6EPlBSH2RSiettczlz7ihV,Sleepy Hallow,3,related,14CHVeJGrR5xgUGQFV5BVM
6EPlBSH2RSiettczlz7ihV,Sleepy Hallow,3,related,3hcs9uc56yIGFCSy9leWe7
6EPlBSH2RSiettczlz7ihV,Sleepy Hallow,3,related,6QtgPSJPSzcnn7dPZ4VINp
6EPlBSH2RSiettczlz7ihV,Sleepy Hallow,3,related,5f7VJjfbwm532GiveGC0ZK
6EPlBSH2RSiettczlz7ihV,Sleepy Hallow,3,related,0ErzCpIMyLcjPiwT4elrtZ
6EPlBSH2RSiettczlz7ihV,Sleepy Hallow,3,related,1cNDP5yjU5vjeR8qMf4grg
6EPlBSH2RSiettczlz7ihV,Sleepy Hallow,3,related,4MCBfE4596Uoi2O4DtmEMz
6EPlBSH2RSiettczlz7ihV,Sleepy Hallow,3,related,4Ga1P7PMIsmqEZqhYZQgDo
6EPlBSH2RSiettczlz7ihV,Sleepy Hallow,3,related,46SHBwWsqBkxI7EeeBEQG7
6EPlBSH2RSiettczlz7ihV,Sleepy Hallow,3,related,6Xgp2XMz1fhVYe7i6yNAax
6EPlBSH2RSiettczlz7ihV,Sleepy Hallow,3,related,0Yr4BBpK2dkCp2UsrJ9LZN
6EPlBSH2RSiettczlz7ihV,Sleepy Hallow,3,related,757aE44tKEUQEqRuT6GnEB
6EPlBSH2RSiettczlz7ihV,Sleepy Hallow,3,related,6AUl0ykLLpvTktob97x9hO
31W5EY0aAly4Qieq6OFu6I,A Boogie Wit da Hoodie,3,,
31W5EY0aAly4Qieq6OFu6I,A Boogie Wit da Hoodie,3,explored,21WS9wngs9AqFckK7yYJPM
31W5EY0aAly4Qieq6OFu6I,A Boogie Wit da Hoodie,3,related,5f7VJjfbwm532GiveGC0ZK
31W5EY0aAly4Qieq6OFu6I,A Boogie Wit da Hoodie,3,related,6AgTAQt8XS6jRWi4sX7w49
31W5EY0aAly4Qieq6OFu6I,A Boogie Wit da Hoodie,3,related,6jGMq4yGs7aQzuGsMgVgZR
31W5EY0aAly4Qieq6OFu6I,A Boogie Wit da Hoodie,3,related,6Xgp2XMz1fhVYe7i6yNAax
31W5EY0aAly4Qieq6OFu6I,A Boogie Wit da Hoodie,3,related,46SHBwWsqBkxI7EeeBEQG7
31W5EY0aAly4Qieq6OFu6I,A Boogie Wit da Hoodie,3,related,3hcs9uc56yIGFCSy9leWe7
31W5EY0aAly4Qieq6OFu6I,A Boogie Wit da Hoodie,3,related,1cNDP5yjU5vjeR8qMf4grg
31W5EY0aAly4Qieq6OFu6I,A Boogie Wit da Hoodie,3,related,7rkW85dBwwrJtlHRDkJDAC
31W5EY0aAly4Qieq6OFu6I,A Boogie Wit da Hoodie,3,related,4O15NlyKLIASxsJ0PrXPfz
31W5EY0aAly4Qieq6OFu6I,A Boogie Wit da Hoodie,3,related,6EPlBSH2RSiettczlz7ihV
31W5EY0aAly4Qieq6OFu6I,A Boogie Wit da Hoodie,3,related,0ErzCpIMyLcjPiwT4elrtZ
31W5EY0aAly4Qieq6OFu6I,A Boogie Wit da Hoodie,3,related,2jku7tDXc6XoB6MO2hFuqg
31W5EY0aAly4Qieq6OFu6I,A Boogie Wit da Hoodie,3,related,6i392l38cR3uBPF0DbNs7S
31W5EY0aAly4Qieq6OFu6I,A Boogie Wit da Hoodie,3,related,6l3HvQ5sa6mXTsMTB19rO5
31W5EY0aAly4Qieq6OFu6I,A Boogie Wit da Hoodie,3,related,20sxb77xiYeusSH8cVdatc
31W5EY0aAly4Qieq6OFu6I,A Boogie Wit da Hoodie,3,related,1RyvyyTE3xzB2ZywiAwp0i
31W5EY0aAly4Qieq6OFu6I,A Boogie Wit da Hoodie,3,related,757aE44tKEUQEqRuT6GnEB
31W5EY0aAly4Qieq6OFu6I,A Boogie Wit da Hoodie,3,related,1URnnhqYAYcrqrcwql10ft
31W5EY0aAly4Qieq6OFu6I,A Boogie Wit da Hoodie,3,related,0YinUQ50QDB7ZxSCLyQ40k
0eDvMgVFoNV3TpwtrVCoTj,Pop Smoke,3,,
0eDvMgVFoNV3TpwtrVCoTj,Pop Smoke,3,explored,5H4yInM5zmHqpKIoMNAx4r
0eDvMgVFoNV3TpwtrVCoTj,Pop Smoke,3,related,757aE44tKEUQEqRuT6GnEB
0eDvMgVFoNV3TpwtrVCoTj,Pop Smoke,3,related,6MPCFvOQv5cIGfw3jODMF0
0eDvMgVFoNV3TpwtrVCoTj,Pop Smoke,3,related,6jGMq4yGs7aQzuGsMgVgZR
0eDvMgVFoNV3TpwtrVCoTj,Pop Smoke,3,related,4r63FhuTkUYltbVAg5TQnk
0eDvMgVFoNV3TpwtrVCoTj,Pop Smoke,3,related,6AgTAQt8XS6jRWi4sX7w49
0eDvMgVFoNV3TpwtrVCoTj,Pop Smoke,3,related,5f7VJjfbwm532GiveGC0ZK
0eDvMgVFoNV3TpwtrVCoTj,Pop Smoke,3,related,0YinUQ50QDB7ZxSCLyQ40k
0eDvMgVFoNV3TpwtrVCoTj,Pop Smoke,3,related,14CHVeJGrR5xgUGQFV5BVM
0eDvMgVFoNV3TpwtrVCoTj,Pop Smoke,3,related,6oMuImdp5ZcFhWP0ESe6mG
0eDvMgVFoNV3TpwtrVCoTj,Pop Smoke,3,related,1URnnhqYAYcrqrcwql10ft
0eDvMgVFoNV3TpwtrVCoTj,Pop Smoke,3,related,7A8S43ryYdbWpJKeHRZRcq
0eDvMgVFoNV3TpwtrVCoTj,Pop Smoke,3,related,0QHgL1lAIqAw0HtD7YldmP
0eDvMgVFoNV3TpwtrVCoTj,Pop Smoke,3,related,0ErzCpIMyLcjPiwT4elrtZ
0eDvMgVFoNV3TpwtrVCoTj,Pop Smoke,3,related,1RyvyyTE3xzB2ZywiAwp0i
0eDvMgVFoNV3TpwtrVCoTj,Pop Smoke,3,related,3hcs9uc56yIGFCSy9leWe7
0eDvMgVFoNV3TpwtrVCoTj,Pop Smoke,3,related,20sxb77xiYeusSH8cVdatc
0eDvMgVFoNV3TpwtrVCoTj,Pop Smoke,3,related,0Y5tJX1MQlPlqiwlOH1tJY
0eDvMgVFoNV3TpwtrVCoTj,Pop Smoke,3,related,7c0XG5cIJTrrAgEC3ULPiq
0eDvMgVFoNV3TpwtrVCoTj,Pop Smoke,3,related,0iEtIxbK0KxaSlF7G42ZOp
5zctI4wO9XSKS8XwcnqEHk,Lil Mosey,3,,
5zctI4wO9XSKS8XwcnqEHk,Lil Mosey,3,related,0vRvGUQVUjytro0xpb26bs
5zctI4wO9XSKS8XwcnqEHk,Lil Mosey,3,related,757aE44tKEUQEqRuT6GnEB
5zctI4wO9XSKS8XwcnqEHk,Lil Mosey,3,related,6MPCFvOQv5cIGfw3jODMF0
5zctI4wO9XSKS8XwcnqEHk,Lil Mosey,3,related,1cNDP5yjU5vjeR8qMf4grg
5zctI4wO9XSKS8XwcnqEHk,Lil Mosey,3,related,6ASri4ePR7RlsvIQgWPJpS
5zctI4wO9XSKS8XwcnqEHk,Lil Mosey,3,related,4r63FhuTkUYltbVAg5TQnk
5zctI4wO9XSKS8XwcnqEHk,Lil Mosey,3,related,6jGMq4yGs7aQzuGsMgVgZR
5zctI4wO9XSKS8XwcnqEHk,Lil Mosey,3,related,1XLWox9w1Yvbodui0SRhUQ
5zctI4wO9XSKS8XwcnqEHk,Lil Mosey,3,related,4MCBfE4596Uoi2O4DtmEMz
5zctI4wO9XSKS8XwcnqEHk,Lil Mosey,3,related,0YinUQ50QDB7ZxSCLyQ40k
5zctI4wO9XSKS8XwcnqEHk,Lil Mosey,3,related,0Yr4BBpK2dkCp2UsrJ9LZN
5zctI4wO9XSKS8XwcnqEHk,Lil Mosey,3,related,7d3WFRME3vBY2cgoP38RDo
5zctI4wO9XSKS8XwcnqEHk,Lil Mosey,3,related,6AgTAQt8XS6jRWi4sX7w49
5zctI4wO9XSKS8XwcnqEHk,Lil Mosey,3,related,6fWVd57NKTalqvmjRd2t8Z
5zctI4wO9XSKS8XwcnqEHk,Lil Mosey,3,related,4Ga1P7PMIsmqEZqhYZQgDo
5zctI4wO9XSKS8XwcnqEHk,Lil Mosey,3,related,4O15NlyKLIASxsJ0PrXPfz
5zctI4wO9XSKS8XwcnqEHk,Lil Mosey,3,related,0eDvMgVFoNV3TpwtrVCoTj
5zctI4wO9XSKS8XwcnqEHk,Lil Mosey,3,related,7A8S43ryYdbWpJKeHRZRcq
5zctI4wO9XSKS8XwcnqEHk,Lil Mosey,3,related,6Xgp2XMz1fhVYe7i6yNAax
5zctI4wO9XSKS8XwcnqEHk,Lil Mosey,3,related,3Fl1V19tmjt57oBdxXKAjJ
4r63FhuTkUYltbVAg5TQnk,DaBaby,3,,
4r63FhuTkUYltbVAg5TQnk,DaBaby,3,related,757aE44tKEUQEqRuT6GnEB
4r63FhuTkUYltbVAg5TQnk,DaBaby,3,related,0YinUQ50QDB7ZxSCLyQ40k
4r63FhuTkUYltbVAg5TQnk,DaBaby,3,related,0ErzCpIMyLcjPiwT4elrtZ
4r63FhuTkUYltbVAg5TQnk,DaBaby,3,related,6oMuImdp5ZcFhWP0ESe6mG
4r63FhuTkUYltbVAg5TQnk,DaBaby,3,related,0eDvMgVFoNV3TpwtrVCoTj
4r63FhuTkUYltbVAg5TQnk,DaBaby,3,related,5f7VJjfbwm532GiveGC0ZK
4r63FhuTkUYltbVAg5TQnk,DaBaby,3,related,0QHgL1lAIqAw0HtD7YldmP
4r63FhuTkUYltbVAg5TQnk,DaBaby,3,related,6MPCFvOQv5cIGfw3jODMF0
4r63FhuTkUYltbVAg5TQnk,DaBaby,3,related,4O15NlyKLIASxsJ0PrXPfz
4r63FhuTkUYltbVAg5TQnk,DaBaby,3,related,2LIk90788K0zvyj2JJVwkJ
4r63FhuTkUYltbVAg5TQnk,DaBaby,3,related,7c0XG5cIJTrrAgEC3ULPiq
4r63FhuTkUYltbVAg5TQnk,DaBaby,3,related,6AgTAQt8XS6jRWi4sX7w49
4r63FhuTkUYltbVAg5TQnk,DaBaby,3,related,1URnnhqYAYcrqrcwql10ft
4r63FhuTkUYltbVAg5TQnk,DaBaby,3,related,55Aa2cqylxrFIXC767Z865
4r63FhuTkUYltbVAg5TQnk,DaBaby,3,related,50co4Is1HCEo8bhOyUWKpn
4r63FhuTkUYltbVAg5TQnk,DaBaby,3,related,6i392l38cR3uBPF0DbNs7S
4r63FhuTkUYltbVAg5TQnk,DaBaby,3,related,0c173mlxpT3dSFRgMO8XPh
4r63FhuTkUYltbVAg5TQnk,DaBaby,3,related,5zctI4wO9XSKS8XwcnqEHk
4r63FhuTkUYltbVAg5TQnk,DaBaby,3,related,1cNDP5yjU5vjeR8qMf4grg
4r63FhuTkUYltbVAg5TQnk,DaBaby,3,related,4Ga1P7PMIsmqEZqhYZQgDo
3Fl1V19tmjt57oBdxXKAjJ,Blueface,3,,
3Fl1V19tmjt57oBdxXKAjJ,Blueface,3,explored,2HUwZ0kumzCSlhFcjFZfpp
3Fl1V19tmjt57oBdxXKAjJ,Blueface,3,explored,7gZfnEnfiaHzxARJ2LeXrf
3Fl1V19tmjt57oBdxXKAjJ,Blueface,3,explored,3wyVrVrFCkukjdVIdirGVY
3Fl1V19tmjt57oBdxXKAjJ,Blueface,3,explored,6pb2Dl1FHK081UKW6aUqgF
3Fl1V19tmjt57oBdxXKAjJ,Blueface,3,explored,2gGtD7OGXbNZAY3oCZvZqA
3Fl1V19tmjt57oBdxXKAjJ,Blueface,3,related,1cNDP5yjU5vjeR8qMf4grg
3Fl1V19tmjt57oBdxXKAjJ,Blueface,3,related,6i392l38cR3uBPF0DbNs7S
3Fl1V19tmjt57oBdxXKAjJ,Blueface,3,related,0ErzCpIMyLcjPiwT4elrtZ
3Fl1V19tmjt57oBdxXKAjJ,Blueface,3,related,0YinUQ50QDB7ZxSCLyQ40k
3Fl1V19tmjt57oBdxXKAjJ,Blueface,3,related,4r63FhuTkUYltbVAg5TQnk
3Fl1V19tmjt57oBdxXKAjJ,Blueface,3,related,3gGUMEwIX6XodWsYEvKSal
3Fl1V19tmjt57oBdxXKAjJ,Blueface,3,related,46SHBwWsqBkxI7EeeBEQG7
3Fl1V19tmjt57oBdxXKAjJ,Blueface,3,related,3CbYyyd8wH3RT6t0jwpdzC
3Fl1V19tmjt57oBdxXKAjJ,Blueface,3,related,1pPmIToKXyGdsCF6LmqLmI
3Fl1V19tmjt57oBdxXKAjJ,Blueface,3,related,5zctI4wO9XSKS8XwcnqEHk
3Fl1V19tmjt57oBdxXKAjJ,Blueface,3,related,6oMuImdp5ZcFhWP0ESe6mG
3Fl1V19tmjt57oBdxXKAjJ,Blueface,3,related,0A0FS04o6zMoto8OKPsDwY
3Fl1V19tmjt57oBdxXKAjJ,Blueface,3,related,7meyrw7Or5DwteYxDJrkCM
3Fl1V19tmjt57oBdxXKAjJ,Blueface,3,related,757aE44tKEUQEqRuT6GnEB
3Fl1V19tmjt57oBdxXKAjJ,Blueface,3,related,3IaKn0ExWTMPqa0mscUYw3
7meyrw7Or5DwteYxDJrkCM,YK Osiris,3,,
7meyrw7Or5DwteYxDJrkCM,YK Osiris,3,explored,24CgJHK6T7C5OmUbiLLMjJ
7meyrw7Or5DwteYxDJrkCM,YK Osiris,3,explored,4tMm1dU6Gn04VAZ9ClHcIZ
7meyrw7Or5DwteYxDJrkCM,YK Osiris,3,explored,02ZtVIjKL1PYLlMmP1sz0h
7meyrw7Or5DwteYxDJrkCM,YK Osiris,3,explored,7kFfY4UjNdNyaeUgLIEbIF
7meyrw7Or5DwteYxDJrkCM,YK Osiris,3,explored,0HkcYmcjrBR3SCw9Ld5VZk
7meyrw7Or5DwteYxDJrkCM,YK Osiris,3,related,1cNDP5yjU5vjeR8qMf4grg
7meyrw7Or5DwteYxDJrkCM,YK Osiris,3,related,2HUwZ0kumzCSlhFcjFZfpp
7meyrw7Or5DwteYxDJrkCM,YK Osiris,3,related,21WS9wngs9AqFckK7yYJPM
7meyrw7Or5DwteYxDJrkCM,YK Osiris,3,related,3Fl1V19tmjt57oBdxXKAjJ
7meyrw7Or5DwteYxDJrkCM,YK Osiris,3,related,6i392l38cR3uBPF0DbNs7S
7meyrw7Or5DwteYxDJrkCM,YK Osiris,3,related,31W5EY0aAly4Qieq6OFu6I
7meyrw7Or5DwteYxDJrkCM,YK Osiris,3,related,3KV3p5EY4AvKxOlhGHORLg
7meyrw7Or5DwteYxDJrkCM,YK Osiris,3,related,1XLWox9w1Yvbodui0SRhUQ
7meyrw7Or5DwteYxDJrkCM,YK Osiris,3,related,6jGMq4yGs7aQzuGsMgVgZR
7meyrw7Or5DwteYxDJrkCM,YK Osiris,3,related,757aE44tKEUQEqRuT6GnEB
7meyrw7Or5DwteYxDJrkCM,YK Osiris,3,related,5zctI4wO9XSKS8XwcnqEHk
7meyrw7Or5DwteYxDJrkCM,YK Osiris,3,related,3CbYyyd8wH3RT6t0jwpdzC
7meyrw7Or5DwteYxDJrkCM,YK Osiris,3,related,7ibAWtDtmEfaVhc1FJ3Vl9
7meyrw7Or5DwteYxDJrkCM,YK Osiris,3,related,0YinUQ50QDB7ZxSCLyQ40k
7meyrw7Or5DwteYxDJrkCM,YK Osiris,3,related,4r63FhuTkUYltbVAg5TQnk
1XLWox9w1Yvbodui0SRhUQ,StaySolidRocky,3,,
1XLWox9w1Yvbodui0SRhUQ,StaySolidRocky,3,explored,44IvvHRk2XF243QLA2VOa8
1XLWox9w1Yvbodui0SRhUQ,StaySolidRocky,3,explored,71jSVPQ6yskfyvWeiwvT5s
1XLWox9w1Yvbodui0SRhUQ,StaySolidRocky,3,explored,5KYEMMz9O9iLIESifKAEOp
1XLWox9w1Yvbodui0SRhUQ,StaySolidRocky,3,explored,2PaZWGu5T5nHjY2xxAkFsT
1XLWox9w1Yvbodui0SRhUQ,StaySolidRocky,3,related,5zctI4wO9XSKS8XwcnqEHk
1XLWox9w1Yvbodui0SRhUQ,StaySolidRocky,3,related,1cNDP5yjU5vjeR8qMf4grg
1XLWox9w1Yvbodui0SRhUQ,StaySolidRocky,3,related,6MPCFvOQv5cIGfw3jODMF0
1XLWox9w1Yvbodui0SRhUQ,StaySolidRocky,3,related,6jGMq4yGs7aQzuGsMgVgZR
1XLWox9w1Yvbodui0SRhUQ,StaySolidRocky,3,related,6fWVd57NKTalqvmjRd2t8Z
1XLWox9w1Yvbodui0SRhUQ,StaySolidRocky,3,related,4r63FhuTkUYltbVAg5TQnk
1XLWox9w1Yvbodui0SRhUQ,StaySolidRocky,3,related,0vRvGUQVUjytro0xpb26bs
1XLWox9w1Yvbodui0SRhUQ,StaySolidRocky,3,related,0eDvMgVFoNV3TpwtrVCoTj
1XLWox9w1Yvbodui0SRhUQ,StaySolidRocky,3,related,6AgTAQt8XS6jRWi4sX7w49
1XLWox9w1Yvbodui0SRhUQ,StaySolidRocky,3,related,757aE44tKEUQEqRuT6GnEB
1XLWox9w1Yvbodui0SRhUQ,StaySolidRocky,3,related,7meyrw7Or5DwteYxDJrkCM
1XLWox9w1Yvbodui0SRhUQ,StaySolidRocky,3,related,0ErzCpIMyLcjPiwT4elrtZ
1XLWox9w1Yvbodui0SRhUQ,StaySolidRocky,3,related,24CgJHK6T7C5OmUbiLLMjJ
1XLWox9w1Yvbodui0SRhUQ,StaySolidRocky,3,related,0Yr4BBpK2dkCp2UsrJ9LZN
1XLWox9w1Yvbodui0SRhUQ,StaySolidRocky,3,related,6ASri4ePR7RlsvIQgWPJpS
1XLWox9w1Yvbodui0SRhUQ,StaySolidRocky,3,related,4MCBfE4596Uoi2O4DtmEMz
6MPCFvOQv5cIGfw3jODMF0,Internet Money,3,,
6MPCFvOQv5cIGfw3jODMF0,Internet Money,3,explored,1xr2G8Hlx4QWmT9HaUbmoO
6MPCFvOQv5cIGfw3jODMF0,Internet Money,3,related,0eDvMgVFoNV3TpwtrVCoTj
6MPCFvOQv5cIGfw3jODMF0,Internet Money,3,related,5zctI4wO9XSKS8XwcnqEHk
6MPCFvOQv5cIGfw3jODMF0,Internet Money,3,related,757aE44tKEUQEqRuT6GnEB
6MPCFvOQv5cIGfw3jODMF0,Internet Money,3,related,4r63FhuTkUYltbVAg5TQnk
6MPCFvOQv5cIGfw3jODMF0,Internet Money,3,related,6AgTAQt8XS6jRWi4sX7w49
6MPCFvOQv5cIGfw3jODMF0,Internet Money,3,related,6ASri4ePR7RlsvIQgWPJpS
6MPCFvOQv5cIGfw3jODMF0,Internet Money,3,related,6fWVd57NKTalqvmjRd2t8Z
6MPCFvOQv5cIGfw3jODMF0,Internet Money,3,related,0YinUQ50QDB7ZxSCLyQ40k
6MPCFvOQv5cIGfw3jODMF0,Internet Money,3,related,4MCBfE4596Uoi2O4DtmEMz
6MPCFvOQv5cIGfw3jODMF0,Internet Money,3,related,6jGMq4yGs7aQzuGsMgVgZR
6MPCFvOQv5cIGfw3jODMF0,Internet Money,3,related,4O15NlyKLIASxsJ0PrXPfz
6MPCFvOQv5cIGfw3jODMF0,Internet Money,3,related,6Xgp2XMz1fhVYe7i6yNAax
6MPCFvOQv5cIGfw3jODMF0,Internet Money,3,related,7rkW85dBwwrJtlHRDkJDAC
6MPCFvOQv5cIGfw3jODMF0,Internet Money,3,related,6oMuImdp5ZcFhWP0ESe6mG
6MPCFvOQv5cIGfw3jODMF0,Internet Money,3,related,7A8S43ryYdbWpJKeHRZRcq
6MPCFvOQv5cIGfw3jODMF0,Internet Money,3,related,1XLWox9w1Yvbodui0SRhUQ
6MPCFvOQv5cIGfw3jODMF0,Internet Money,3,related,4Ga1P7PMIsmqEZqhYZQgDo
6MPCFvOQv5cIGfw3jODMF0,Internet Money,3,related,0WK3H9OErSn5zKOkOV5egm
6MPCFvOQv5cIGfw3jODMF0,Internet Money,3,related,14CHVeJGrR5xgUGQFV5BVM
6i392l38cR3uBPF0DbNs7S,Quality Control,3,,
6i392l38cR3uBPF0DbNs7S,Quality Control,3,related,0YinUQ50QDB7ZxSCLyQ40k
6i392l38cR3uBPF0DbNs7S,Quality Control,3,related,5f7VJjfbwm532GiveGC0ZK
6i392l38cR3uBPF0DbNs7S,Quality Control,3,related,1pPmIToKXyGdsCF6LmqLmI
6i392l38cR3uBPF0DbNs7S,Quality Control,3,related,757aE44tKEUQEqRuT6GnEB
6i392l38cR3uBPF0DbNs7S,Quality Control,3,related,6oMuImdp5ZcFhWP0ESe6mG
6i392l38cR3uBPF0DbNs7S,Quality Control,3,related,3EW0kQ1skZiK1NHg3Spt9J
6i392l38cR3uBPF0DbNs7S,Quality Control,3,related,4r63FhuTkUYltbVAg5TQnk
6i392l38cR3uBPF0DbNs7S,Quality Control,3,related,46SHBwWsqBkxI7EeeBEQG7
6i392l38cR3uBPF0DbNs7S,Quality Control,3,related,50co4Is1HCEo8bhOyUWKpn
6i392l38cR3uBPF0DbNs7S,Quality Control,3,related,0ErzCpIMyLcjPiwT4elrtZ
6i392l38cR3uBPF0DbNs7S,Quality Control,3,related,7rkW85dBwwrJtlHRDkJDAC
6i392l38cR3uBPF0DbNs7S,Quality Control,3,related,31W5EY0aAly4Qieq6OFu6I
6i392l38cR3uBPF0DbNs7S,Quality Control,3,related,3tJoFztHeIJkJWMrx0td2f
6i392l38cR3uBPF0DbNs7S,Quality Control,3,related,20sxb77xiYeusSH8cVdatc
6i392l38cR3uBPF0DbNs7S,Quality Control,3,related,0WK3H9OErSn5zKOkOV5egm
6i392l38cR3uBPF0DbNs7S,Quality Control,3,related,3CbYyyd8wH3RT6t0jwpdzC
6i392l38cR3uBPF0DbNs7S,Quality Control,3,related,3Fl1V19tmjt57oBdxXKAjJ
6i392l38cR3uBPF0DbNs7S,Quality Control,3,related,2HUwZ0kumzCSlhFcjFZfpp
6i392l38cR3uBPF0DbNs7S,Quality Control,3,related,13y7CgLHjMVRMDqxdx0Xdo
6i392l38cR3uBPF0DbNs7S,Quality Control,3,related,3IaKn0ExWTMPqa0mscUYw3
0QHgL1lAIqAw0HtD7YldmP,DJ Khaled,3,,
0QHgL1lAIqAw0HtD7YldmP,DJ Khaled,3,related,7c0XG5cIJTrrAgEC3ULPiq
0QHgL1lAIqAw0HtD7YldmP,DJ Khaled,3,related,0c173mlxpT3dSFRgMO8XPh
0QHgL1lAIqAw0HtD7YldmP,DJ Khaled,3,related,6vXTefBL93Dj5IqAWq6OTv
0QHgL1lAIqAw0HtD7YldmP,DJ Khaled,3,related,5LHRHt1k9lMyONurDHEdrp
0QHgL1lAIqAw0HtD7YldmP,DJ Khaled,3,related,55Aa2cqylxrFIXC767Z865
0QHgL1lAIqAw0HtD7YldmP,DJ Khaled,3,related,6oMuImdp5ZcFhWP0ESe6mG
0QHgL1lAIqAw0HtD7YldmP,DJ Khaled,3,related,7bXgB6jMjp9ATFy66eO08Z
0QHgL1lAIqAw0HtD7YldmP,DJ Khaled,3,related,3TVXtAsR1Inumwj472S9r4
0QHgL1lAIqAw0HtD7YldmP,DJ Khaled,3,related,1sBkRIssrMs1AbVkOJbc7a
0QHgL1lAIqAw0HtD7YldmP,DJ Khaled,3,related,0YinUQ50QDB7ZxSCLyQ40k
0QHgL1lAIqAw0HtD7YldmP,DJ Khaled,3,related,3aQeKQSyrW4qWr35idm0cy
0QHgL1lAIqAw0HtD7YldmP,DJ Khaled,3,related,20sxb77xiYeusSH8cVdatc
0QHgL1lAIqAw0HtD7YldmP,DJ Khaled,3,related,17lzZA2AlOHwCwFALHttmp
0QHgL1lAIqAw0HtD7YldmP,DJ Khaled,3,related,3KV3p5EY4AvKxOlhGHORLg
0QHgL1lAIqAw0HtD7YldmP,DJ Khaled,3,related,137W8MRPWKqSmrBGDBFSop
0QHgL1lAIqAw0HtD7YldmP,DJ Khaled,3,related,7iZtZyCzp3LItcw1wtPI3D
0QHgL1lAIqAw0HtD7YldmP,DJ Khaled,3,related,5dHt1vcEm9qb8fCyLcB3HL
0QHgL1lAIqAw0HtD7YldmP,DJ Khaled,3,related,1RyvyyTE3xzB2ZywiAwp0i
0QHgL1lAIqAw0HtD7YldmP,DJ Khaled,3,related,2LIk90788K0zvyj2JJVwkJ
0QHgL1lAIqAw0HtD7YldmP,DJ Khaled,3,related,6l3HvQ5sa6mXTsMTB19rO5
7A8S43ryYdbWpJKeHRZRcq,JACKBOYS,3,,
7A8S43ryYdbWpJKeHRZRcq,JACKBOYS,3,related,2PaZWGu5T5nHjY2xxAkFsT
7A8S43ryYdbWpJKeHRZRcq,JACKBOYS,3,related,2RDOrhPqAM4jzTRCEb19qX
7A8S43ryYdbWpJKeHRZRcq,JACKBOYS,3,related,0YinUQ50QDB7ZxSCLyQ40k
7A8S43ryYdbWpJKeHRZRcq,JACKBOYS,3,related,757aE44tKEUQEqRuT6GnEB
7A8S43ryYdbWpJKeHRZRcq,JACKBOYS,3,related,0Y5tJX1MQlPlqiwlOH1tJY
7A8S43ryYdbWpJKeHRZRcq,JACKBOYS,3,related,4r63FhuTkUYltbVAg5TQnk
7A8S43ryYdbWpJKeHRZRcq,JACKBOYS,3,related,0eDvMgVFoNV3TpwtrVCoTj
7A8S43ryYdbWpJKeHRZRcq,JACKBOYS,3,related,1URnnhqYAYcrqrcwql10ft
7A8S43ryYdbWpJKeHRZRcq,JACKBOYS,3,related,4O15NlyKLIASxsJ0PrXPfz
7A8S43ryYdbWpJKeHRZRcq,JACKBOYS,3,related,44IvvHRk2XF243QLA2VOa8
7A8S43ryYdbWpJKeHRZRcq,JACKBOYS,3,related,6MPCFvOQv5cIGfw3jODMF0
7A8S43ryYdbWpJKeHRZRcq,JACKBOYS,3,related,0iEtIxbK0KxaSlF7G42ZOp
7A8S43ryYdbWpJKeHRZRcq,JACKBOYS,3,related,5SXuuuRpukkTvsLuUknva1
7A8S43ryYdbWpJKeHRZRcq,JACKBOYS,3,related,6i392l38cR3uBPF0DbNs7S
7A8S43ryYdbWpJKeHRZRcq,JACKBOYS,3,related,50co4Is1HCEo8bhOyUWKpn
7A8S43ryYdbWpJKeHRZRcq,JACKBOYS,3,related,5dHt1vcEm9qb8fCyLcB3HL
7A8S43ryYdbWpJKeHRZRcq,JACKBOYS,3,related,6oMuImdp5ZcFhWP0ESe6mG
7A8S43ryYdbWpJKeHRZRcq,JACKBOYS,3,related,4Gso3d4CscCijv0lmajZWs
7A8S43ryYdbWpJKeHRZRcq,JACKBOYS,3,related,5zctI4wO9XSKS8XwcnqEHk
7A8S43ryYdbWpJKeHRZRcq,JACKBOYS,3,related,699OTQXzgjhIYAHMy9RyPD
20sxb77xiYeusSH8cVdatc,Meek Mill,3,,
20sxb77xiYeusSH8cVdatc,Meek Mill,3,related,1sBkRIssrMs1AbVkOJbc7a
20sxb77xiYeusSH8cVdatc,Meek Mill,3,related,6oMuImdp5ZcFhWP0ESe6mG
20sxb77xiYeusSH8cVdatc,Meek Mill,3,related,17lzZA2AlOHwCwFALHttmp
20sxb77xiYeusSH8cVdatc,Meek Mill,3,related,0QHgL1lAIqAw0HtD7YldmP
20sxb77xiYeusSH8cVdatc,Meek Mill,3,related,5f7VJjfbwm532GiveGC0ZK
20sxb77xiYeusSH8cVdatc,Meek Mill,3,related,0c173mlxpT3dSFRgMO8XPh
20sxb77xiYeusSH8cVdatc,Meek Mill,3,related,6l3HvQ5sa6mXTsMTB19rO5
20sxb77xiYeusSH8cVdatc,Meek Mill,3,related,0YinUQ50QDB7ZxSCLyQ40k
20sxb77xiYeusSH8cVdatc,Meek Mill,3,related,55Aa2cqylxrFIXC767Z865
20sxb77xiYeusSH8cVdatc,Meek Mill,3,related,46SHBwWsqBkxI7EeeBEQG7
20sxb77xiYeusSH8cVdatc,Meek Mill,3,related,0VRj0yCOv2FXJNP47XQnx5
20sxb77xiYeusSH8cVdatc,Meek Mill,3,related,3hcs9uc56yIGFCSy9leWe7
20sxb77xiYeusSH8cVdatc,Meek Mill,3,related,28ExwzUQsvgJooOI0X1mr3
20sxb77xiYeusSH8cVdatc,Meek Mill,3,related,1pPmIToKXyGdsCF6LmqLmI
20sxb77xiYeusSH8cVdatc,Meek Mill,3,related,757aE44tKEUQEqRuT6GnEB
20sxb77xiYeusSH8cVdatc,Meek Mill,3,related,6AUl0ykLLpvTktob97x9hO
20sxb77xiYeusSH8cVdatc,Meek Mill,3,related,1RyvyyTE3xzB2ZywiAwp0i
20sxb77xiYeusSH8cVdatc,Meek Mill,3,related,50co4Is1HCEo8bhOyUWKpn
20sxb77xiYeusSH8cVdatc,Meek Mill,3,related,5dHt1vcEm9qb8fCyLcB3HL
20sxb77xiYeusSH8cVdatc,Meek Mill,3,related,0A0FS04o6zMoto8OKPsDwY
6fWVd57NKTalqvmjRd2t8Z,24kGoldn,3,,
6fWVd57NKTalqvmjRd2t8Z,24kGoldn,3,explored,7uaIm6Pw7xplS8Dy06V6pT
6fWVd57NKTalqvmjRd2t8Z,24kGoldn,3,explored,1uU7g3DNSbsu0QjSEqZtEd
6fWVd57NKTalqvmjRd2t8Z,24kGoldn,3,explored,0bBz5bRBkExaej2HxtVfCw
6fWVd57NKTalqvmjRd2t8Z,24kGoldn,3,explored,0H39MdGGX6dbnnQPt6NQkZ
6fWVd57NKTalqvmjRd2t8Z,24kGoldn,3,related,6ASri4ePR7RlsvIQgWPJpS
6fWVd57NKTalqvmjRd2t8Z,24kGoldn,3,related,0vRvGUQVUjytro0xpb26bs
6fWVd57NKTalqvmjRd2t8Z,24kGoldn,3,related,6MPCFvOQv5cIGfw3jODMF0
6fWVd57NKTalqvmjRd2t8Z,24kGoldn,3,related,7jVv8c5Fj3E9VhNjxT4snq
6fWVd57NKTalqvmjRd2t8Z,24kGoldn,3,related,5zctI4wO9XSKS8XwcnqEHk
6fWVd57NKTalqvmjRd2t8Z,24kGoldn,3,related,2cFrymmkijnjDg9SS92EPM
6fWVd57NKTalqvmjRd2t8Z,24kGoldn,3,related,4r63FhuTkUYltbVAg5TQnk
6fWVd57NKTalqvmjRd2t8Z,24kGoldn,3,related,2LIk90788K0zvyj2JJVwkJ
6fWVd57NKTalqvmjRd2t8Z,24kGoldn,3,related,1zNqQNIdeOUZHb8zbZRFMX
6fWVd57NKTalqvmjRd2t8Z,24kGoldn,3,related,1XLWox9w1Yvbodui0SRhUQ
6fWVd57NKTalqvmjRd2t8Z,24kGoldn,3,related,64KEffDW9EtZ1y2vBYgq8T
6fWVd57NKTalqvmjRd2t8Z,24kGoldn,3,related,2tIP7SsRs7vjIcLrU85W8J
6fWVd57NKTalqvmjRd2t8Z,24kGoldn,3,related,757aE44tKEUQEqRuT6GnEB
6fWVd57NKTalqvmjRd2t8Z,24kGoldn,3,related,0eDvMgVFoNV3TpwtrVCoTj
6fWVd57NKTalqvmjRd2t8Z,24kGoldn,3,related,137W8MRPWKqSmrBGDBFSop
6fWVd57NKTalqvmjRd2t8Z,24kGoldn,3,related,246dkjvS1zLTtiykXe5h60
0Yr4BBpK2dkCp2UsrJ9LZN,Bankrol Hayden,3,,
0Yr4BBpK2dkCp2UsrJ9LZN,Bankrol Hayden,3,explored,7FGjkq9WfrRmBFL64ST0p9
0Yr4BBpK2dkCp2UsrJ9LZN,Bankrol Hayden,3,explored,4mkjpWbFO45SyaHiM9GOVE
0Yr4BBpK2dkCp2UsrJ9LZN,Bankrol Hayden,3,explored,138UAIyJocdHT5PpR0iTJE
0Yr4BBpK2dkCp2UsrJ9LZN,Bankrol Hayden,3,explored,5MIXBzwGNeUeFAS0o3XBXL
0Yr4BBpK2dkCp2UsrJ9LZN,Bankrol Hayden,3,explored,3XYVGehxrRKN0Rt5Rp7e8w
0Yr4BBpK2dkCp2UsrJ9LZN,Bankrol Hayden,3,related,6ASri4ePR7RlsvIQgWPJpS
0Yr4BBpK2dkCp2UsrJ9LZN,Bankrol Hayden,3,related,5zctI4wO9XSKS8XwcnqEHk
0Yr4BBpK2dkCp2UsrJ9LZN,Bankrol Hayden,3,related,6AgTAQt8XS6jRWi4sX7w49
0Yr4BBpK2dkCp2UsrJ9LZN,Bankrol Hayden,3,related,0X3nsc84A9qlFilmlWNwQb
0Yr4BBpK2dkCp2UsrJ9LZN,Bankrol Hayden,3,related,6EPlBSH2RSiettczlz7ihV
0Yr4BBpK2dkCp2UsrJ9LZN,Bankrol Hayden,3,related,6MPCFvOQv5cIGfw3jODMF0
0Yr4BBpK2dkCp2UsrJ9LZN,Bankrol Hayden,3,related,6jGMq4yGs7aQzuGsMgVgZR
0Yr4BBpK2dkCp2UsrJ9LZN,Bankrol Hayden,3,related,24CgJHK6T7C5OmUbiLLMjJ
0Yr4BBpK2dkCp2UsrJ9LZN,Bankrol Hayden,3,related,0bBz5bRBkExaej2HxtVfCw
0Yr4BBpK2dkCp2UsrJ9LZN,Bankrol Hayden,3,related,7d3WFRME3vBY2cgoP38RDo
0Yr4BBpK2dkCp2UsrJ9LZN,Bankrol Hayden,3,related,1XLWox9w1Yvbodui0SRhUQ
0Yr4BBpK2dkCp2UsrJ9LZN,Bankrol Hayden,3,related,1cNDP5yjU5vjeR8qMf4grg
0Yr4BBpK2dkCp2UsrJ9LZN,Bankrol Hayden,3,related,1MXZ0hsGic96dWRDKwAwdr
0Yr4BBpK2dkCp2UsrJ9LZN,Bankrol Hayden,3,related,2KCRLxlHd2OgZG6YAOAcSu
0Yr4BBpK2dkCp2UsrJ9LZN,Bankrol Hayden,3,related,4MCBfE4596Uoi2O4DtmEMz
0vRvGUQVUjytro0xpb26bs,Arizona Zervas,3,,
0vRvGUQVUjytro0xpb26bs,Arizona Zervas,3,explored,6USMTwO0MNDnKte5a5h0xx
0vRvGUQVUjytro0xpb26bs,Arizona Zervas,3,explored,5UjifI1TYefXWn9GdqDOHl
0vRvGUQVUjytro0xpb26bs,Arizona Zervas,3,explored,4GvEc3ANtPPjt1ZJllr5Zl
0vRvGUQVUjytro0xpb26bs,Arizona Zervas,3,explored,6bmlMHgSheBauioMgKv2tn
0vRvGUQVUjytro0xpb26bs,Arizona Zervas,3,related,7uaIm6Pw7xplS8Dy06V6pT
0vRvGUQVUjytro0xpb26bs,Arizona Zervas,3,related,5zctI4wO9XSKS8XwcnqEHk
0vRvGUQVUjytro0xpb26bs,Arizona Zervas,3,related,6fWVd57NKTalqvmjRd2t8Z
0vRvGUQVUjytro0xpb26bs,Arizona Zervas,3,related,6ASri4ePR7RlsvIQgWPJpS
0vRvGUQVUjytro0xpb26bs,Arizona Zervas,3,related,2cFrymmkijnjDg9SS92EPM
0vRvGUQVUjytro0xpb26bs,Arizona Zervas,3,related,757aE44tKEUQEqRuT6GnEB
0vRvGUQVUjytro0xpb26bs,Arizona Zervas,3,related,4r63FhuTkUYltbVAg5TQnk
0vRvGUQVUjytro0xpb26bs,Arizona Zervas,3,related,1zNqQNIdeOUZHb8zbZRFMX
0vRvGUQVUjytro0xpb26bs,Arizona Zervas,3,related,7jVv8c5Fj3E9VhNjxT4snq
0vRvGUQVUjytro0xpb26bs,Arizona Zervas,3,related,1XLWox9w1Yvbodui0SRhUQ
0vRvGUQVUjytro0xpb26bs,Arizona Zervas,3,related,4qBgvVog0wzW75IQ48mU7v
0vRvGUQVUjytro0xpb26bs,Arizona Zervas,3,related,2LIk90788K0zvyj2JJVwkJ
0vRvGUQVUjytro0xpb26bs,Arizona Zervas,3,related,6MPCFvOQv5cIGfw3jODMF0
0vRvGUQVUjytro0xpb26bs,Arizona Zervas,3,related,2PaZWGu5T5nHjY2xxAkFsT
0vRvGUQVUjytro0xpb26bs,Arizona Zervas,3,related,0H39MdGGX6dbnnQPt6NQkZ
0vRvGUQVUjytro0xpb26bs,Arizona Zervas,3,related,1cNDP5yjU5vjeR8qMf4grg
4exLIFE8sISLr28sqG1qNX,Travis Barker,3,,
4exLIFE8sISLr28sqG1qNX,Travis Barker,3,explored,6TIYQ3jFPwQSRmorSezPxX
4exLIFE8sISLr28sqG1qNX,Travis Barker,3,explored,4iDroUFo89Y7YBsdDTBmTD
4exLIFE8sISLr28sqG1qNX,Travis Barker,3,explored,3M9XAM57a4qFz3v6Lq27t2
4exLIFE8sISLr28sqG1qNX,Travis Barker,3,explored,3u2R8st1bb6zfBqNWceRXG
4exLIFE8sISLr28sqG1qNX,Travis Barker,3,explored,6Y64EaNqpqcZYTgs4c76gF
4exLIFE8sISLr28sqG1qNX,Travis Barker,3,related,6ASri4ePR7RlsvIQgWPJpS
4exLIFE8sISLr28sqG1qNX,Travis Barker,3,related,2cFrymmkijnjDg9SS92EPM
4exLIFE8sISLr28sqG1qNX,Travis Barker,3,related,46gyXjRIvN1NL1eCB8GBxo
4exLIFE8sISLr28sqG1qNX,Travis Barker,3,related,6Ad91Jof8Niiw0lGLLi3NW
4exLIFE8sISLr28sqG1qNX,Travis Barker,3,related,6ulyIBuifBzU35RsvFZIx0
4exLIFE8sISLr28sqG1qNX,Travis Barker,3,related,1Ffb6ejR6Fe5IamqA5oRUF
4exLIFE8sISLr28sqG1qNX,Travis Barker,3,related,2CmaKO2zEGJ1NWpS1yfVGz
4exLIFE8sISLr28sqG1qNX,Travis Barker,3,related,5ObBtv5VunwwhQaXXnUrsM
4exLIFE8sISLr28sqG1qNX,Travis Barker,3,related,6FBDaR13swtiWwGhX1WQsP
4exLIFE8sISLr28sqG1qNX,Travis Barker,3,related,7FngGIEGgN3Iwauw1MvO4P
4exLIFE8sISLr28sqG1qNX,Travis Barker,3,related,3vAaWhdBR38Q02ohXqaNHT
4exLIFE8sISLr28sqG1qNX,Travis Barker,3,related,0bBz5bRBkExaej2HxtVfCw
4exLIFE8sISLr28sqG1qNX,Travis Barker,3,related,0uGk2czvcpWQA383Im6ajf
4exLIFE8sISLr28sqG1qNX,Travis Barker,3,related,4UXqAaa6dQYAk18Lv7PEgX
4exLIFE8sISLr28sqG1qNX,Travis Barker,3,related,7vSY9HEreOqb1Llar3UC38
2cFrymmkijnjDg9SS92EPM,blackbear,3,,
2cFrymmkijnjDg9SS92EPM,blackbear,3,explored,26VFTg2z8YR0cCuwLzESi2
2cFrymmkijnjDg9SS92EPM,blackbear,3,explored,1o2NpYGqHiCq7FoiYdyd1x
2cFrymmkijnjDg9SS92EPM,blackbear,3,explored,55fhWPvDiMpLnE4ZzNXZyW
2cFrymmkijnjDg9SS92EPM,blackbear,3,explored,5IH6FPUwQTxPSXurCrcIov
2cFrymmkijnjDg9SS92EPM,blackbear,3,explored,64M6ah0SkkRsnPGtGiRAbb
2cFrymmkijnjDg9SS92EPM,blackbear,3,related,02kJSzxNuaWGqwubyUba0Z
2cFrymmkijnjDg9SS92EPM,blackbear,3,related,6ASri4ePR7RlsvIQgWPJpS
2cFrymmkijnjDg9SS92EPM,blackbear,3,related,4GvEc3ANtPPjt1ZJllr5Zl
2cFrymmkijnjDg9SS92EPM,blackbear,3,related,6LuN9FCkKOj5PcnpouEgny
2cFrymmkijnjDg9SS92EPM,blackbear,3,related,4exLIFE8sISLr28sqG1qNX
2cFrymmkijnjDg9SS92EPM,blackbear,3,related,6fWVd57NKTalqvmjRd2t8Z
2cFrymmkijnjDg9SS92EPM,blackbear,3,related,2tIP7SsRs7vjIcLrU85W8J
2cFrymmkijnjDg9SS92EPM,blackbear,3,related,0vRvGUQVUjytro0xpb26bs
2cFrymmkijnjDg9SS92EPM,blackbear,3,related,246dkjvS1zLTtiykXe5h60
2cFrymmkijnjDg9SS92EPM,blackbear,3,related,64KEffDW9EtZ1y2vBYgq8T
2cFrymmkijnjDg9SS92EPM,blackbear,3,related,5cIc3SBFuBLVxJz58W2tU9
2cFrymmkijnjDg9SS92EPM,blackbear,3,related,5Rl15oVamLq7FbSb0NNBNy
2cFrymmkijnjDg9SS92EPM,blackbear,3,related,7uaIm6Pw7xplS8Dy06V6pT
2cFrymmkijnjDg9SS92EPM,blackbear,3,related,0ZED1XzwlLHW4ZaG4lOT6m
2cFrymmkijnjDg9SS92EPM,blackbear,3,related,4yvcSjfu4PC0CYQyLy4wSq
0RESbWvOMyua0yuyVrztJ5,Key Glock,3,,
0RESbWvOMyua0yuyVrztJ5,Key Glock,3,explored,6qxpnaukVayrQn6ViNvu9I
0RESbWvOMyua0yuyVrztJ5,Key Glock,3,explored,3Rx4PJ7SP6unkOk5elPUK7
0RESbWvOMyua0yuyVrztJ5,Key Glock,3,explored,3BAgmPNIK5IJl7zMK1wvMA
0RESbWvOMyua0yuyVrztJ5,Key Glock,3,explored,4FlG0V0jhLO4qGpayFOphj
0RESbWvOMyua0yuyVrztJ5,Key Glock,3,explored,5F1aAS1duwlzExnPs3l2Xe
0RESbWvOMyua0yuyVrztJ5,Key Glock,3,related,3HiuzBlSW7pGDXlSFMhO2g
0RESbWvOMyua0yuyVrztJ5,Key Glock,3,related,3tJoFztHeIJkJWMrx0td2f
0RESbWvOMyua0yuyVrztJ5,Key Glock,3,related,5yPzzu25VzEk8qrGTLIrE1
0RESbWvOMyua0yuyVrztJ5,Key Glock,3,related,45gHcnDnMC15sgx3VL7ROG
0RESbWvOMyua0yuyVrztJ5,Key Glock,3,related,13y7CgLHjMVRMDqxdx0Xdo
0RESbWvOMyua0yuyVrztJ5,Key Glock,3,related,46SHBwWsqBkxI7EeeBEQG7
0RESbWvOMyua0yuyVrztJ5,Key Glock,3,related,23DYJsw4uSCguIqiTIDtcN
0RESbWvOMyua0yuyVrztJ5,Key Glock,3,related,4DdkRBBYG6Yk9Ka8tdJ9BW
0RESbWvOMyua0yuyVrztJ5,Key Glock,3,related,0VRj0yCOv2FXJNP47XQnx5
0RESbWvOMyua0yuyVrztJ5,Key Glock,3,related,5QdEbQJ3ylBnc3gsIASAT5
0RESbWvOMyua0yuyVrztJ5,Key Glock,3,related,2hlmm7s2ICUX0LVIhVFlZQ
0RESbWvOMyua0yuyVrztJ5,Key Glock,3,related,65smG2lgnRmrDB8g7z1hG0
0RESbWvOMyua0yuyVrztJ5,Key Glock,3,related,5f7VJjfbwm532GiveGC0ZK
0RESbWvOMyua0yuyVrztJ5,Key Glock,3,related,3ppQEG71r7jVpI8RudzycF
0RESbWvOMyua0yuyVrztJ5,Key Glock,3,related,6AUl0ykLLpvTktob97x9hO
23DYJsw4uSCguIqiTIDtcN,Southside,3,,
23DYJsw4uSCguIqiTIDtcN,Southside,3,explored,6RuutbNl5ny8LAf1uSK3fS
23DYJsw4uSCguIqiTIDtcN,Southside,3,explored,3VrGfWE8YdYMK4ySpnE0ly
23DYJsw4uSCguIqiTIDtcN,Southside,3,explored,23xFbA9rYgRX8mreqysWPc
23DYJsw4uSCguIqiTIDtcN,Southside,3,explored,1iwUuIOKYjV7SKIg27v4zi
23DYJsw4uSCguIqiTIDtcN,Southside,3,explored,0Njy6yR9LykNKYg9yE23QN
23DYJsw4uSCguIqiTIDtcN,Southside,3,related,5QdEbQJ3ylBnc3gsIASAT5
23DYJsw4uSCguIqiTIDtcN,Southside,3,related,1jBoSSrbz9n4ehQWA4cZgB
23DYJsw4uSCguIqiTIDtcN,Southside,3,related,5yPzzu25VzEk8qrGTLIrE1
23DYJsw4uSCguIqiTIDtcN,Southside,3,related,0RESbWvOMyua0yuyVrztJ5
23DYJsw4uSCguIqiTIDtcN,Southside,3,related,45gHcnDnMC15sgx3VL7ROG
23DYJsw4uSCguIqiTIDtcN,Southside,3,related,0WK3H9OErSn5zKOkOV5egm
23DYJsw4uSCguIqiTIDtcN,Southside,3,related,2hlmm7s2ICUX0LVIhVFlZQ
23DYJsw4uSCguIqiTIDtcN,Southside,3,related,4FlG0V0jhLO4qGpayFOphj
23DYJsw4uSCguIqiTIDtcN,Southside,3,related,4DdkRBBYG6Yk9Ka8tdJ9BW
23DYJsw4uSCguIqiTIDtcN,Southside,3,related,1K15GRZZATsCJyGJ4bYiEz
23DYJsw4uSCguIqiTIDtcN,Southside,3,related,46SHBwWsqBkxI7EeeBEQG7
23DYJsw4uSCguIqiTIDtcN,Southside,3,related,3zZ88AwlTwfCJkowsFCvLA
23DYJsw4uSCguIqiTIDtcN,Southside,3,related,6AUl0ykLLpvTktob97x9hO
23DYJsw4uSCguIqiTIDtcN,Southside,3,related,5f7VJjfbwm532GiveGC0ZK
23DYJsw4uSCguIqiTIDtcN,Southside,3,related,3tJoFztHeIJkJWMrx0td2f
1jBoSSrbz9n4ehQWA4cZgB,Rob49,3,,
1jBoSSrbz9n4ehQWA4cZgB,Rob49,3,explored,1GVenmuuAtusi17LY6FvgI
1jBoSSrbz9n4ehQWA4cZgB,Rob49,3,explored,372IgXgnCt4wlfumrMTIOs
1jBoSSrbz9n4ehQWA4cZgB,Rob49,3,explored,4Q7FV4mw6Q3va79JwftGRv
1jBoSSrbz9n4ehQWA4cZgB,Rob49,3,explored,1t22AdiJ8P9eXOnoJ8xPJT
1jBoSSrbz9n4ehQWA4cZgB,Rob49,3,explored,1J1pGfTqp5ReVIX8Z1Wzsg
1jBoSSrbz9n4ehQWA4cZgB,Rob49,3,related,23xFbA9rYgRX8mreqysWPc
1jBoSSrbz9n4ehQWA4cZgB,Rob49,3,related,23DYJsw4uSCguIqiTIDtcN
1jBoSSrbz9n4ehQWA4cZgB,Rob49,3,related,1iwUuIOKYjV7SKIg27v4zi
1jBoSSrbz9n4ehQWA4cZgB,Rob49,3,related,1K15GRZZATsCJyGJ4bYiEz
1jBoSSrbz9n4ehQWA4cZgB,Rob49,3,related,5yPzzu25VzEk8qrGTLIrE1
1jBoSSrbz9n4ehQWA4cZgB,Rob49,3,related,0Njy6yR9LykNKYg9yE23QN
1jBoSSrbz9n4ehQWA4cZgB,Rob49,3,related,5QdEbQJ3ylBnc3gsIASAT5
1jBoSSrbz9n4ehQWA4cZgB,Rob49,3,related,3tJoFztHeIJkJWMrx0td2f
1jBoSSrbz9n4ehQWA4cZgB,Rob49,3,related,45gHcnDnMC15sgx3VL7ROG
1jBoSSrbz9n4ehQWA4cZgB,Rob49,3,related,6AUl0ykLLpvTktob97x9hO
1jBoSSrbz9n4ehQWA4cZgB,Rob49,3,related,23hzc59PkIUau13dqXx5Ef
1jBoSSrbz9n4ehQWA4cZgB,Rob49,3,related,0RESbWvOMyua0yuyVrztJ5
1jBoSSrbz9n4ehQWA4cZgB,Rob49,3,related,0yknvLWQZxwsMjhUhwWZQ8
1jBoSSrbz9n4ehQWA4cZgB,Rob49,3,related,6RuutbNl5ny8LAf1uSK3fS
1jBoSSrbz9n4ehQWA4cZgB,Rob49,3,related,3VrGfWE8YdYMK4ySpnE0ly
1K15GRZZATsCJyGJ4bYiEz,Luh Tyler,3,,
1K15GRZZATsCJyGJ4bYiEz,Luh Tyler,3,explored,0B3kMiB21aPQlKumGDr4c7
1K15GRZZATsCJyGJ4bYiEz,Luh Tyler,3,explored,3zZ88AwlTwfCJkowsFCvLA
1K15GRZZATsCJyGJ4bYiEz,Luh Tyler,3,explored,6UIpxj5ggLdOebFVCOxVax
1K15GRZZATsCJyGJ4bYiEz,Luh Tyler,3,explored,6HHAJjAD9nZ2GftcwEf8r5
1K15GRZZATsCJyGJ4bYiEz,Luh Tyler,3,explored,7a8ZndeHGrkS7xIM8060Xw
1K15GRZZATsCJyGJ4bYiEz,Luh Tyler,3,related,23xFbA9rYgRX8mreqysWPc
1K15GRZZATsCJyGJ4bYiEz,Luh Tyler,3,related,1iwUuIOKYjV7SKIg27v4zi
1K15GRZZATsCJyGJ4bYiEz,Luh Tyler,3,related,6RuutbNl5ny8LAf1uSK3fS
1K15GRZZATsCJyGJ4bYiEz,Luh Tyler,3,related,1jBoSSrbz9n4ehQWA4cZgB
1K15GRZZATsCJyGJ4bYiEz,Luh Tyler,3,related,4Q7FV4mw6Q3va79JwftGRv
1K15GRZZATsCJyGJ4bYiEz,Luh Tyler,3,related,2304Hcgi7OV6YL5Omhx6A4
1K15GRZZATsCJyGJ4bYiEz,Luh Tyler,3,related,5yPzzu25VzEk8qrGTLIrE1
1K15GRZZATsCJyGJ4bYiEz,Luh Tyler,3,related,3C1bStPNVIPmGIrORT5OlF
1K15GRZZATsCJyGJ4bYiEz,Luh Tyler,3,related,6O1vRHWVGKJTnWuJmItnsx
1K15GRZZATsCJyGJ4bYiEz,Luh Tyler,3,related,1Tj47hT6psqExO7fbAcXyE
1K15GRZZATsCJyGJ4bYiEz,Luh Tyler,3,related,0GJvhbSzCx9kT4jb7yd4eS
1K15GRZZATsCJyGJ4bYiEz,Luh Tyler,3,related,23DYJsw4uSCguIqiTIDtcN
1K15GRZZATsCJyGJ4bYiEz,Luh Tyler,3,related,1J1pGfTqp5ReVIX8Z1Wzsg
1K15GRZZATsCJyGJ4bYiEz,Luh Tyler,3,related,1GVenmuuAtusi17LY6FvgI
1K15GRZZATsCJyGJ4bYiEz,Luh Tyler,3,related,1t22AdiJ8P9eXOnoJ8xPJT
23hzc59PkIUau13dqXx5Ef,ian,3,,
23hzc59PkIUau13dqXx5Ef,ian,3,explored,3YYbAExunnHv5pW7GUZefk
23hzc59PkIUau13dqXx5Ef,ian,3,explored,0yknvLWQZxwsMjhUhwWZQ8
23hzc59PkIUau13dqXx5Ef,ian,3,explored,0hF6lbAjRsq4svrQUr5sgU
23hzc59PkIUau13dqXx5Ef,ian,3,explored,79NDEw5QWlDC9KaIbogNhS
23hzc59PkIUau13dqXx5Ef,ian,3,explored,5QnWJJjxPlTSN59B8yJoOk
23hzc59PkIUau13dqXx5Ef,ian,3,related,3gBZUcNeVumkeeJ19CY2sX
23hzc59PkIUau13dqXx5Ef,ian,3,related,2sF5nNXnrrsCPZlt8ZpyGd
23hzc59PkIUau13dqXx5Ef,ian,3,related,3qiHUAX7zY4Qnjx8TNUzVx
23hzc59PkIUau13dqXx5Ef,ian,3,related,6os1temnovzJIEGRUmn3fG
23hzc59PkIUau13dqXx5Ef,ian,3,related,3CE6MgsLpKMDfYFtexgc8U
23hzc59PkIUau13dqXx5Ef,ian,3,related,1J1pGfTqp5ReVIX8Z1Wzsg
23hzc59PkIUau13dqXx5Ef,ian,3,related,6icQOAFXDZKsumw3YXyusw
23hzc59PkIUau13dqXx5Ef,ian,3,related,5yPzzu25VzEk8qrGTLIrE1
23hzc59PkIUau13dqXx5Ef,ian,3,related,1HPW4jeRjXBFRoUnSvBzoD
23hzc59PkIUau13dqXx5Ef,ian,3,related,1jBoSSrbz9n4ehQWA4cZgB
23hzc59PkIUau13dqXx5Ef,ian,3,related,699OTQXzgjhIYAHMy9RyPD
23hzc59PkIUau13dqXx5Ef,ian,3,related,3VrGfWE8YdYMK4ySpnE0ly
23hzc59PkIUau13dqXx5Ef,ian,3,related,5tQMB0cuNXdCtzovGt55uD
23hzc59PkIUau13dqXx5Ef,ian,3,related,2SJhf6rTOU53g8yBdAjPby
23hzc59PkIUau13dqXx5Ef,ian,3,related,4Ga1P7PMIsmqEZqhYZQgDo
6fxyWrfmjcbj5d12gXeiNV,Denzel Curry,3,,
6fxyWrfmjcbj5d12gXeiNV,Denzel Curry,3,explored,68kEuyFKyqrdQQLLsmiatm
6fxyWrfmjcbj5d12gXeiNV,Denzel Curry,3,explored,6aiFCgyKNwF9Rv5TOxnE8E
6fxyWrfmjcbj5d12gXeiNV,Denzel Curry,3,explored,4mwdnO2jZrMmMVrjcHsZBv
6fxyWrfmjcbj5d12gXeiNV,Denzel Curry,3,explored,5MbNzCW3qokGyoo9giHA3V
6fxyWrfmjcbj5d12gXeiNV,Denzel Curry,3,explored,0ONHkAv9pCAFxb0zJwDNTy
6fxyWrfmjcbj5d12gXeiNV,Denzel Curry,3,related,6U3ybJ9UHNKEdsH7ktGBZ7
6fxyWrfmjcbj5d12gXeiNV,Denzel Curry,3,related,5IcR3N7QB1j6KBL8eImZ8m
6fxyWrfmjcbj5d12gXeiNV,Denzel Curry,3,related,5SXuuuRpukkTvsLuUknva1
6fxyWrfmjcbj5d12gXeiNV,Denzel Curry,3,related,28ExwzUQsvgJooOI0X1mr3
6fxyWrfmjcbj5d12gXeiNV,Denzel Curry,3,related,2P5sC9cVZDToPxyomzF1UH
6fxyWrfmjcbj5d12gXeiNV,Denzel Curry,3,related,0huGjMyP507tBCARyzSkrv
6fxyWrfmjcbj5d12gXeiNV,Denzel Curry,3,related,6yJ6QQ3Y5l0s0tn7b0arrO
6fxyWrfmjcbj5d12gXeiNV,Denzel Curry,3,related,2rhFzFmezpnW82MNqEKVry
6fxyWrfmjcbj5d12gXeiNV,Denzel Curry,3,related,5dHt1vcEm9qb8fCyLcB3HL
6fxyWrfmjcbj5d12gXeiNV,Denzel Curry,3,related,13ubrt8QOOCPljQ2FL1Kca
6fxyWrfmjcbj5d12gXeiNV,Denzel Curry,3,related,6icQOAFXDZKsumw3YXyusw
6fxyWrfmjcbj5d12gXeiNV,Denzel Curry,3,related,1iNqsUDUraNWrj00bqssQG
6fxyWrfmjcbj5d12gXeiNV,Denzel Curry,3,related,7aA592KWirLsnfb5ulGWvU
6fxyWrfmjcbj5d12gXeiNV,Denzel Curry,3,related,3Gm5F95VdRxW3mqCn8RPBJ
6fxyWrfmjcbj5d12gXeiNV,Denzel Curry,3,related,6aaMZ3fcfLv4tEbmY7bjRM
6U3ybJ9UHNKEdsH7ktGBZ7,JID,3,,
6U3ybJ9UHNKEdsH7ktGBZ7,JID,3,explored,2P5sC9cVZDToPxyomzF1UH
6U3ybJ9UHNKEdsH7ktGBZ7,JID,3,explored,2J257euzcjnDLipsyJH3F2
6U3ybJ9UHNKEdsH7ktGBZ7,JID,3,explored,4P4gZvRYiVpvtCkmd37jRM
6U3ybJ9UHNKEdsH7ktGBZ7,JID,3,explored,1anyVhU62p31KFi8MEzkbf
6U3ybJ9UHNKEdsH7ktGBZ7,JID,3,explored,0Y4inQK6OespitzD6ijMwb
6U3ybJ9UHNKEdsH7ktGBZ7,JID,3,related,0ONHkAv9pCAFxb0zJwDNTy
6U3ybJ9UHNKEdsH7ktGBZ7,JID,3,related,6fxyWrfmjcbj5d12gXeiNV
6U3ybJ9UHNKEdsH7ktGBZ7,JID,3,related,5MbNzCW3qokGyoo9giHA3V
6U3ybJ9UHNKEdsH7ktGBZ7,JID,3,related,4DdkRBBYG6Yk9Ka8tdJ9BW
6U3ybJ9UHNKEdsH7ktGBZ7,JID,3,related,68kEuyFKyqrdQQLLsmiatm
6U3ybJ9UHNKEdsH7ktGBZ7,JID,3,related,5SXuuuRpukkTvsLuUknva1
6U3ybJ9UHNKEdsH7ktGBZ7,JID,3,related,2YZyLoL8N0Wb9xBt1NhZWg
6U3ybJ9UHNKEdsH7ktGBZ7,JID,3,related,6l3HvQ5sa6mXTsMTB19rO5
6U3ybJ9UHNKEdsH7ktGBZ7,JID,3,related,4V8LLVI7PbaPR0K2TGSxFF
6U3ybJ9UHNKEdsH7ktGBZ7,JID,3,related,5K4W6rqBFWDnAN6FQUkS6x
6U3ybJ9UHNKEdsH7ktGBZ7,JID,3,related,4Gso3d4CscCijv0lmajZWs
6U3ybJ9UHNKEdsH7ktGBZ7,JID,3,related,0fGcIStdT1OpFFhOC7Wp36
6U3ybJ9UHNKEdsH7ktGBZ7,JID,3,related,0Y5tJX1MQlPlqiwlOH1tJY
6U3ybJ9UHNKEdsH7ktGBZ7,JID,3,related,13ubrt8QOOCPljQ2FL1Kca
6U3ybJ9UHNKEdsH7ktGBZ7,JID,3,related,28ExwzUQsvgJooOI0X1mr3
0fA0VVWsXO9YnASrzqfmYu,Kid Cudi,3,,
0fA0VVWsXO9YnASrzqfmYu,Kid Cudi,3,explored,01QTIT5P1pFP3QnnFSdsJf
0fA0VVWsXO9YnASrzqfmYu,Kid Cudi,3,explored,67hb7towEyKvt5Z8Bx306c
0fA0VVWsXO9YnASrzqfmYu,Kid Cudi,3,related,5K4W6rqBFWDnAN6FQUkS6x
0fA0VVWsXO9YnASrzqfmYu,Kid Cudi,3,related,13ubrt8QOOCPljQ2FL1Kca
0fA0VVWsXO9YnASrzqfmYu,Kid Cudi,3,related,3nFkdlSjzX9mRTtwJOzDYB
0fA0VVWsXO9YnASrzqfmYu,Kid Cudi,3,related,73sIBHcqh3Z3NyqHKZ7FOL
0fA0VVWsXO9YnASrzqfmYu,Kid Cudi,3,related,55Aa2cqylxrFIXC767Z865
0fA0VVWsXO9YnASrzqfmYu,Kid Cudi,3,related,4LLpKhyESsyAXpc4laK94U
0fA0VVWsXO9YnASrzqfmYu,Kid Cudi,3,related,6l3HvQ5sa6mXTsMTB19rO5
0fA0VVWsXO9YnASrzqfmYu,Kid Cudi,3,related,5IcR3N7QB1j6KBL8eImZ8m
0fA0VVWsXO9YnASrzqfmYu,Kid Cudi,3,related,137W8MRPWKqSmrBGDBFSop
0fA0VVWsXO9YnASrzqfmYu,Kid Cudi,3,related,0c173mlxpT3dSFRgMO8XPh
0fA0VVWsXO9YnASrzqfmYu,Kid Cudi,3,related,1G9G7WwrXka3Z1r7aIDjI7
0fA0VVWsXO9YnASrzqfmYu,Kid Cudi,3,related,7c0XG5cIJTrrAgEC3ULPiq
0fA0VVWsXO9YnASrzqfmYu,Kid Cudi,3,related,5fMUXHkw8R8eOP2RNVYEZX
0fA0VVWsXO9YnASrzqfmYu,Kid Cudi,3,related,5SXuuuRpukkTvsLuUknva1
0fA0VVWsXO9YnASrzqfmYu,Kid Cudi,3,related,2YZyLoL8N0Wb9xBt1NhZWg
0fA0VVWsXO9YnASrzqfmYu,Kid Cudi,3,related,3TVXtAsR1Inumwj472S9r4
0fA0VVWsXO9YnASrzqfmYu,Kid Cudi,3,related,5dHt1vcEm9qb8fCyLcB3HL
0fA0VVWsXO9YnASrzqfmYu,Kid Cudi,3,related,28ExwzUQsvgJooOI0X1mr3
1iNqsUDUraNWrj00bqssQG,Dreamville,3,,
1iNqsUDUraNWrj00bqssQG,Dreamville,3,explored,75WcpJKWXBV3o3cfluWapK
1iNqsUDUraNWrj00bqssQG,Dreamville,3,explored,0huGjMyP507tBCARyzSkrv
1iNqsUDUraNWrj00bqssQG,Dreamville,3,explored,5oFkj1qSlyBUmV5d6Edgtq
1iNqsUDUraNWrj00bqssQG,Dreamville,3,explored,5j1BNsC9xeWGfBVCzzg6fc
1iNqsUDUraNWrj00bqssQG,Dreamville,3,explored,5usbqiU7sjvszjWecANDL6
1iNqsUDUraNWrj00bqssQG,Dreamville,3,related,70gP6Ry4Uo0Yx6uzPIdaiJ
1iNqsUDUraNWrj00bqssQG,Dreamville,3,related,5MbNzCW3qokGyoo9giHA3V
1iNqsUDUraNWrj00bqssQG,Dreamville,3,related,6l3HvQ5sa6mXTsMTB19rO5
1iNqsUDUraNWrj00bqssQG,Dreamville,3,related,5SXuuuRpukkTvsLuUknva1
1iNqsUDUraNWrj00bqssQG,Dreamville,3,related,68kEuyFKyqrdQQLLsmiatm
1iNqsUDUraNWrj00bqssQG,Dreamville,3,related,28ExwzUQsvgJooOI0X1mr3
1iNqsUDUraNWrj00bqssQG,Dreamville,3,related,5dHt1vcEm9qb8fCyLcB3HL
1iNqsUDUraNWrj00bqssQG,Dreamville,3,related,6aaMZ3fcfLv4tEbmY7bjRM
1iNqsUDUraNWrj00bqssQG,Dreamville,3,related,5IcR3N7QB1j6KBL8eImZ8m
1iNqsUDUraNWrj00bqssQG,Dreamville,3,related,2P5sC9cVZDToPxyomzF1UH
1iNqsUDUraNWrj00bqssQG,Dreamville,3,related,6fxyWrfmjcbj5d12gXeiNV
1iNqsUDUraNWrj00bqssQG,Dreamville,3,related,2rwALQ1SXdfUWPUd6WOfYS
1iNqsUDUraNWrj00bqssQG,Dreamville,3,related,4mwdnO2jZrMmMVrjcHsZBv
1iNqsUDUraNWrj00bqssQG,Dreamville,3,related,1ybINI1qPiFbwDXamRtwxD
1iNqsUDUraNWrj00bqssQG,Dreamville,3,related,6U3ybJ9UHNKEdsH7ktGBZ7
2sF5nNXnrrsCPZlt8ZpyGd,Rich Amiri,3,,
2sF5nNXnrrsCPZlt8ZpyGd,Rich Amiri,3,explored,0lZ2oIRdMsQfFEPmOa3YyL
2sF5nNXnrrsCPZlt8ZpyGd,Rich Amiri,3,explored,0o7iCloKX9GUlm2mdPFNQm
2sF5nNXnrrsCPZlt8ZpyGd,Rich Amiri,3,explored,6nFBSlEb2tkIOH3YtIIw6F
2sF5nNXnrrsCPZlt8ZpyGd,Rich Amiri,3,explored,71UHb0juSLfDoktgvCELin
2sF5nNXnrrsCPZlt8ZpyGd,Rich Amiri,3,related,3gBZUcNeVumkeeJ19CY2sX
2sF5nNXnrrsCPZlt8ZpyGd,Rich Amiri,3,related,3qiHUAX7zY4Qnjx8TNUzVx
2sF5nNXnrrsCPZlt8ZpyGd,Rich Amiri,3,related,23hzc59PkIUau13dqXx5Ef
2sF5nNXnrrsCPZlt8ZpyGd,Rich Amiri,3,related,2ojqsY1ycYzZOpLDBBwHPU
2sF5nNXnrrsCPZlt8ZpyGd,Rich Amiri,3,related,1HPW4jeRjXBFRoUnSvBzoD
2sF5nNXnrrsCPZlt8ZpyGd,Rich Amiri,3,related,2SJhf6rTOU53g8yBdAjPby
2sF5nNXnrrsCPZlt8ZpyGd,Rich Amiri,3,related,6os1temnovzJIEGRUmn3fG
2sF5nNXnrrsCPZlt8ZpyGd,Rich Amiri,3,related,5QnWJJjxPlTSN59B8yJoOk
2sF5nNXnrrsCPZlt8ZpyGd,Rich Amiri,3,related,6icQOAFXDZKsumw3YXyusw
2sF5nNXnrrsCPZlt8ZpyGd,Rich Amiri,3,related,699OTQXzgjhIYAHMy9RyPD
2sF5nNXnrrsCPZlt8ZpyGd,Rich Amiri,3,related,4Ga1P7PMIsmqEZqhYZQgDo
2sF5nNXnrrsCPZlt8ZpyGd,Rich Amiri,3,related,3CE6MgsLpKMDfYFtexgc8U
2sF5nNXnrrsCPZlt8ZpyGd,Rich Amiri,3,related,15iVAtD3s3FsQR4w1v6M0P
2sF5nNXnrrsCPZlt8ZpyGd,Rich Amiri,3,related,5yPzzu25VzEk8qrGTLIrE1
2sF5nNXnrrsCPZlt8ZpyGd,Rich Amiri,3,related,4xPQFgDA5M2xa0ZGo5iIsv
2sF5nNXnrrsCPZlt8ZpyGd,Rich Amiri,3,related,5tQMB0cuNXdCtzovGt55uD
1HPW4jeRjXBFRoUnSvBzoD,Destroy Lonely,3,,
1HPW4jeRjXBFRoUnSvBzoD,Destroy Lonely,3,explored,5A7T1LAGJg5NXySBoIKUmF
1HPW4jeRjXBFRoUnSvBzoD,Destroy Lonely,3,explored,26eGG7CE0RRncI7vGhZAJY
1HPW4jeRjXBFRoUnSvBzoD,Destroy Lonely,3,explored,7p9z8XOXVNeBNvs9EOxX2W
1HPW4jeRjXBFRoUnSvBzoD,Destroy Lonely,3,explored,2JJuMFyGSGUltwqf32E8YT
1HPW4jeRjXBFRoUnSvBzoD,Destroy Lonely,3,related,2ojqsY1ycYzZOpLDBBwHPU
1HPW4jeRjXBFRoUnSvBzoD,Destroy Lonely,3,related,3gBZUcNeVumkeeJ19CY2sX
1HPW4jeRjXBFRoUnSvBzoD,Destroy Lonely,3,related,3qiHUAX7zY4Qnjx8TNUzVx
1HPW4jeRjXBFRoUnSvBzoD,Destroy Lonely,3,related,0uj6QiPsPfK8ywLC7uwBE1
1HPW4jeRjXBFRoUnSvBzoD,Destroy Lonely,3,related,5tQMB0cuNXdCtzovGt55uD
1HPW4jeRjXBFRoUnSvBzoD,Destroy Lonely,3,related,2sF5nNXnrrsCPZlt8ZpyGd
1HPW4jeRjXBFRoUnSvBzoD,Destroy Lonely,3,related,2SJhf6rTOU53g8yBdAjPby
1HPW4jeRjXBFRoUnSvBzoD,Destroy Lonely,3,related,6os1temnovzJIEGRUmn3fG
1HPW4jeRjXBFRoUnSvBzoD,Destroy Lonely,3,related,23hzc59PkIUau13dqXx5Ef
1HPW4jeRjXBFRoUnSvBzoD,Destroy Lonely,3,related,2jl4qd6UbzeCmImT4nWbtA
1HPW4jeRjXBFRoUnSvBzoD,Destroy Lonely,3,related,3CE6MgsLpKMDfYFtexgc8U
1HPW4jeRjXBFRoUnSvBzoD,Destroy Lonely,3,related,6icQOAFXDZKsumw3YXyusw
1HPW4jeRjXBFRoUnSvBzoD,Destroy Lonely,3,related,6nFBSlEb2tkIOH3YtIIw6F
1HPW4jeRjXBFRoUnSvBzoD,Destroy Lonely,3,related,5L15t6I0PQS9SBXbiklPEN
1HPW4jeRjXBFRoUnSvBzoD,Destroy Lonely,3,related,699OTQXzgjhIYAHMy9RyPD
1HPW4jeRjXBFRoUnSvBzoD,Destroy Lonely,3,related,5yPzzu25VzEk8qrGTLIrE1
6os1temnovzJIEGRUmn3fG,BNYX®,3,,
6os1temnovzJIEGRUmn3fG,BNYX®,3,explored,5Z9mvkWNEpiKVQ36xVkMfe
6os1temnovzJIEGRUmn3fG,BNYX®,3,explored,6hpztnbgmaneFFGGnEOVjd
6os1temnovzJIEGRUmn3fG,BNYX®,3,explored,4M5b70A8aORXdyJVjRJ8du
6os1temnovzJIEGRUmn3fG,BNYX®,3,explored,0ICav5bjbDMIrFMa4BGS1d
6os1temnovzJIEGRUmn3fG,BNYX®,3,explored,6Qhoxy3TZE0E9o7AbcsRjJ
6os1temnovzJIEGRUmn3fG,BNYX®,3,related,23hzc59PkIUau13dqXx5Ef
6os1temnovzJIEGRUmn3fG,BNYX®,3,related,2ojqsY1ycYzZOpLDBBwHPU
6os1temnovzJIEGRUmn3fG,BNYX®,3,related,2SJhf6rTOU53g8yBdAjPby
6os1temnovzJIEGRUmn3fG,BNYX®,3,related,3qiHUAX7zY4Qnjx8TNUzVx
6os1temnovzJIEGRUmn3fG,BNYX®,3,related,5ySK6tR70ZunnmPEHCrCwF
6os1temnovzJIEGRUmn3fG,BNYX®,3,related,79NDEw5QWlDC9KaIbogNhS
6os1temnovzJIEGRUmn3fG,BNYX®,3,related,1HPW4jeRjXBFRoUnSvBzoD
6os1temnovzJIEGRUmn3fG,BNYX®,3,related,2sF5nNXnrrsCPZlt8ZpyGd
6os1temnovzJIEGRUmn3fG,BNYX®,3,related,3CE6MgsLpKMDfYFtexgc8U
6os1temnovzJIEGRUmn3fG,BNYX®,3,related,7GuUYiGZOzQwq4L6gAfy1T
6os1temnovzJIEGRUmn3fG,BNYX®,3,related,26eGG7CE0RRncI7vGhZAJY
6os1temnovzJIEGRUmn3fG,BNYX®,3,related,3gBZUcNeVumkeeJ19CY2sX
6os1temnovzJIEGRUmn3fG,BNYX®,3,related,5yPzzu25VzEk8qrGTLIrE1
6os1temnovzJIEGRUmn3fG,BNYX®,3,related,2RDOrhPqAM4jzTRCEb19qX
6os1temnovzJIEGRUmn3fG,BNYX®,3,related,3YYbAExunnHv5pW7GUZefk
2ojqsY1ycYzZOpLDBBwHPU,Homixide Gang,3,,
2ojqsY1ycYzZOpLDBBwHPU,Homixide Gang,3,explored,3iwgpA6jf4fXM5ZuH7qglb
2ojqsY1ycYzZOpLDBBwHPU,Homixide Gang,3,explored,1EM110Ljwqga6grZH2Dym3
2ojqsY1ycYzZOpLDBBwHPU,Homixide Gang,3,explored,2LakckgvXEtJlKOYP6BO11
2ojqsY1ycYzZOpLDBBwHPU,Homixide Gang,3,explored,7tFehEdzjjoeiwUExR89qs
2ojqsY1ycYzZOpLDBBwHPU,Homixide Gang,3,related,1HPW4jeRjXBFRoUnSvBzoD
2ojqsY1ycYzZOpLDBBwHPU,Homixide Gang,3,related,3gBZUcNeVumkeeJ19CY2sX
2ojqsY1ycYzZOpLDBBwHPU,Homixide Gang,3,related,6os1temnovzJIEGRUmn3fG
2ojqsY1ycYzZOpLDBBwHPU,Homixide Gang,3,related,2sF5nNXnrrsCPZlt8ZpyGd
2ojqsY1ycYzZOpLDBBwHPU,Homixide Gang,3,related,2JJuMFyGSGUltwqf32E8YT
2ojqsY1ycYzZOpLDBBwHPU,Homixide Gang,3,related,0uj6QiPsPfK8ywLC7uwBE1
2ojqsY1ycYzZOpLDBBwHPU,Homixide Gang,3,related,26eGG7CE0RRncI7vGhZAJY
2ojqsY1ycYzZOpLDBBwHPU,Homixide Gang,3,related,2SJhf6rTOU53g8yBdAjPby
2ojqsY1ycYzZOpLDBBwHPU,Homixide Gang,3,related,3qiHUAX7zY4Qnjx8TNUzVx
2ojqsY1ycYzZOpLDBBwHPU,Homixide Gang,3,related,5A7T1LAGJg5NXySBoIKUmF
2ojqsY1ycYzZOpLDBBwHPU,Homixide Gang,3,related,5Z9mvkWNEpiKVQ36xVkMfe
2ojqsY1ycYzZOpLDBBwHPU,Homixide Gang,3,related,3CE6MgsLpKMDfYFtexgc8U
2ojqsY1ycYzZOpLDBBwHPU,Homixide Gang,3,related,6nFBSlEb2tkIOH3YtIIw6F
2ojqsY1ycYzZOpLDBBwHPU,Homixide Gang,3,related,6Qhoxy3TZE0E9o7AbcsRjJ
2ojqsY1ycYzZOpLDBBwHPU,Homixide Gang,3,related,2jl4qd6UbzeCmImT4nWbtA
2ojqsY1ycYzZOpLDBBwHPU,Homixide Gang,3,related,23hzc59PkIUau13dqXx5Ef
5tQMB0cuNXdCtzovGt55uD,LUCKI,3,,
5tQMB0cuNXdCtzovGt55uD,LUCKI,3,explored,6NmvwMFvNRQmWdW5N1nxsC
5tQMB0cuNXdCtzovGt55uD,LUCKI,3,explored,1OuuJcg5OofM36OyEzoB2X
5tQMB0cuNXdCtzovGt55uD,LUCKI,3,explored,6RcgNRwyY9YNTXd9luk8JW
5tQMB0cuNXdCtzovGt55uD,LUCKI,3,explored,6gpLXhxeNFNiz38dyNqJ1C
5tQMB0cuNXdCtzovGt55uD,LUCKI,3,explored,15oLsNy8mZYaIukh4eDhXy
5tQMB0cuNXdCtzovGt55uD,LUCKI,3,related,3gBZUcNeVumkeeJ19CY2sX
5tQMB0cuNXdCtzovGt55uD,LUCKI,3,related,1HPW4jeRjXBFRoUnSvBzoD
5tQMB0cuNXdCtzovGt55uD,LUCKI,3,related,0B3kMiB21aPQlKumGDr4c7
5tQMB0cuNXdCtzovGt55uD,LUCKI,3,related,6icQOAFXDZKsumw3YXyusw
5tQMB0cuNXdCtzovGt55uD,LUCKI,3,related,2304Hcgi7OV6YL5Omhx6A4
5tQMB0cuNXdCtzovGt55uD,LUCKI,3,related,5delTPpDAtBDsjk60f5xnt
5tQMB0cuNXdCtzovGt55uD,LUCKI,3,related,5L15t6I0PQS9SBXbiklPEN
5tQMB0cuNXdCtzovGt55uD,LUCKI,3,related,6FqXAd1hQl7vVdIQ3hhtgc
5tQMB0cuNXdCtzovGt55uD,LUCKI,3,related,5yPzzu25VzEk8qrGTLIrE1
5tQMB0cuNXdCtzovGt55uD,LUCKI,3,related,23hzc59PkIUau13dqXx5Ef
5tQMB0cuNXdCtzovGt55uD,LUCKI,3,related,0WqsT2a4CBuQ0LC7vrJD0H
5tQMB0cuNXdCtzovGt55uD,LUCKI,3,related,7p9z8XOXVNeBNvs9EOxX2W
5tQMB0cuNXdCtzovGt55uD,LUCKI,3,related,0uj6QiPsPfK8ywLC7uwBE1
5tQMB0cuNXdCtzovGt55uD,LUCKI,3,related,5kxnZh8gXyXdIvCWbDMevT
5tQMB0cuNXdCtzovGt55uD,LUCKI,3,related,3qiHUAX7zY4Qnjx8TNUzVx
0uj6QiPsPfK8ywLC7uwBE1,OsamaSon,3,,
0uj6QiPsPfK8ywLC7uwBE1,OsamaSon,3,explored,2oM7LMPFu882oC6jSwEqjd
0uj6QiPsPfK8ywLC7uwBE1,OsamaSon,3,explored,089ASSwOW4Cih3frNuDtUv
0uj6QiPsPfK8ywLC7uwBE1,OsamaSon,3,explored,14Ah9L7Sei8VOOty0tZrOR
0uj6QiPsPfK8ywLC7uwBE1,OsamaSon,3,explored,5hv30sKujjm0PyqD2j4v9n
0uj6QiPsPfK8ywLC7uwBE1,OsamaSon,3,explored,37v7VwiEJ4ImKCmCrA2Z6a
0uj6QiPsPfK8ywLC7uwBE1,OsamaSon,3,related,2jl4qd6UbzeCmImT4nWbtA
0uj6QiPsPfK8ywLC7uwBE1,OsamaSon,3,related,5A7T1LAGJg5NXySBoIKUmF
0uj6QiPsPfK8ywLC7uwBE1,OsamaSon,3,related,7p9z8XOXVNeBNvs9EOxX2W
0uj6QiPsPfK8ywLC7uwBE1,OsamaSon,3,related,3CE6MgsLpKMDfYFtexgc8U
0uj6QiPsPfK8ywLC7uwBE1,OsamaSon,3,related,1HPW4jeRjXBFRoUnSvBzoD
0uj6QiPsPfK8ywLC7uwBE1,OsamaSon,3,related,5L15t6I0PQS9SBXbiklPEN
0uj6QiPsPfK8ywLC7uwBE1,OsamaSon,3,related,3J3ngZn7GjzjwCPBkqtz65
0uj6QiPsPfK8ywLC7uwBE1,OsamaSon,3,related,6Rs7Ufqb4h0FTuVg6wlqOy
0uj6QiPsPfK8ywLC7uwBE1,OsamaSon,3,related,3gBZUcNeVumkeeJ19CY2sX
0uj6QiPsPfK8ywLC7uwBE1,OsamaSon,3,related,2ojqsY1ycYzZOpLDBBwHPU
0uj6QiPsPfK8ywLC7uwBE1,OsamaSon,3,related,4Ijbgdusp7syatYSHIIulR
0uj6QiPsPfK8ywLC7uwBE1,OsamaSon,3,related,4mAsHgZzoZvU0eMbHOB60X
0uj6QiPsPfK8ywLC7uwBE1,OsamaSon,3,related,4egc04cPnCS54Cp5Hz3IuE
0uj6QiPsPfK8ywLC7uwBE1,OsamaSon,3,related,35p0E369bhZIcqcdEVLMes
0uj6QiPsPfK8ywLC7uwBE1,OsamaSon,3,related,3iwgpA6jf4fXM5ZuH7qglb
3CE6MgsLpKMDfYFtexgc8U,LAZER DIM 700,3,,
3CE6MgsLpKMDfYFtexgc8U,LAZER DIM 700,3,explored,7t6PzXRwTR6eb4lNHxyhIC
3CE6MgsLpKMDfYFtexgc8U,LAZER DIM 700,3,explored,1IppGzPqPv70sKbraW5Q2L
3CE6MgsLpKMDfYFtexgc8U,LAZER DIM 700,3,explored,7odc1yu6mbQ91fsh0KK5SJ
3CE6MgsLpKMDfYFtexgc8U,LAZER DIM 700,3,explored,1KVpqmrI8SIVWjipMC1FZl
3CE6MgsLpKMDfYFtexgc8U,LAZER DIM 700,3,related,0uj6QiPsPfK8ywLC7uwBE1
3CE6MgsLpKMDfYFtexgc8U,LAZER DIM 700,3,related,7p9z8XOXVNeBNvs9EOxX2W
3CE6MgsLpKMDfYFtexgc8U,LAZER DIM 700,3,related,2jl4qd6UbzeCmImT4nWbtA
3CE6MgsLpKMDfYFtexgc8U,LAZER DIM 700,3,related,23hzc59PkIUau13dqXx5Ef
3CE6MgsLpKMDfYFtexgc8U,LAZER DIM 700,3,related,5A7T1LAGJg5NXySBoIKUmF
3CE6MgsLpKMDfYFtexgc8U,LAZER DIM 700,3,related,6RcgNRwyY9YNTXd9luk8JW
3CE6MgsLpKMDfYFtexgc8U,LAZER DIM 700,3,related,37v7VwiEJ4ImKCmCrA2Z6a
3CE6MgsLpKMDfYFtexgc8U,LAZER DIM 700,3,related,6os1temnovzJIEGRUmn3fG
3CE6MgsLpKMDfYFtexgc8U,LAZER DIM 700,3,related,3gBZUcNeVumkeeJ19CY2sX
3CE6MgsLpKMDfYFtexgc8U,LAZER DIM 700,3,related,2oM7LMPFu882oC6jSwEqjd
3CE6MgsLpKMDfYFtexgc8U,LAZER DIM 700,3,related,1HPW4jeRjXBFRoUnSvBzoD
3CE6MgsLpKMDfYFtexgc8U,LAZER DIM 700,3,related,5L15t6I0PQS9SBXbiklPEN
3CE6MgsLpKMDfYFtexgc8U,LAZER DIM 700,3,related,2ojqsY1ycYzZOpLDBBwHPU
3CE6MgsLpKMDfYFtexgc8U,LAZER DIM 700,3,related,0B3kMiB21aPQlKumGDr4c7
3CE6MgsLpKMDfYFtexgc8U,LAZER DIM 700,3,related,7GuUYiGZOzQwq4L6gAfy1T
3CE6MgsLpKMDfYFtexgc8U,LAZER DIM 700,3,related,6HHAJjAD9nZ2GftcwEf8r5
2jl4qd6UbzeCmImT4nWbtA,Nettspend,3,,
2jl4qd6UbzeCmImT4nWbtA,Nettspend,3,explored,35p0E369bhZIcqcdEVLMes
2jl4qd6UbzeCmImT4nWbtA,Nettspend,3,explored,3J3ngZn7GjzjwCPBkqtz65
2jl4qd6UbzeCmImT4nWbtA,Nettspend,3,explored,0t9kdK9L3xwr7T2xt8G80H
2jl4qd6UbzeCmImT4nWbtA,Nettspend,3,explored,1RzVNEaHBp6O1tK9NgjnbT
2jl4qd6UbzeCmImT4nWbtA,Nettspend,3,explored,2Ltzex0JQrDiei63A1N4iP
2jl4qd6UbzeCmImT4nWbtA,Nettspend,3,related,0uj6QiPsPfK8ywLC7uwBE1
2jl4qd6UbzeCmImT4nWbtA,Nettspend,3,related,2oM7LMPFu882oC6jSwEqjd
2jl4qd6UbzeCmImT4nWbtA,Nettspend,3,related,5A7T1LAGJg5NXySBoIKUmF
2jl4qd6UbzeCmImT4nWbtA,Nettspend,3,related,089ASSwOW4Cih3frNuDtUv
2jl4qd6UbzeCmImT4nWbtA,Nettspend,3,related,14Ah9L7Sei8VOOty0tZrOR
2jl4qd6UbzeCmImT4nWbtA,Nettspend,3,related,3CE6MgsLpKMDfYFtexgc8U
2jl4qd6UbzeCmImT4nWbtA,Nettspend,3,related,5hv30sKujjm0PyqD2j4v9n
2jl4qd6UbzeCmImT4nWbtA,Nettspend,3,related,37v7VwiEJ4ImKCmCrA2Z6a
2jl4qd6UbzeCmImT4nWbtA,Nettspend,3,related,7MYVlTfQYFOVKftHoiwO5b
2jl4qd6UbzeCmImT4nWbtA,Nettspend,3,related,0qc4BFxcwRFZfevTck4fOi
2jl4qd6UbzeCmImT4nWbtA,Nettspend,3,related,4mAsHgZzoZvU0eMbHOB60X
2jl4qd6UbzeCmImT4nWbtA,Nettspend,3,related,4egc04cPnCS54Cp5Hz3IuE
2jl4qd6UbzeCmImT4nWbtA,Nettspend,3,related,4PaHlM2H2hC3VQV4BfLo4B
2jl4qd6UbzeCmImT4nWbtA,Nettspend,3,related,4Ijbgdusp7syatYSHIIulR
2jl4qd6UbzeCmImT4nWbtA,Nettspend,3,related,7p9z8XOXVNeBNvs9EOxX2W
5L15t6I0PQS9SBXbiklPEN,Summrs,3,,
5L15t6I0PQS9SBXbiklPEN,Summrs,3,explored,5delTPpDAtBDsjk60f5xnt
5L15t6I0PQS9SBXbiklPEN,Summrs,3,explored,2SPxiIMMkdVY00DphiIjxR
5L15t6I0PQS9SBXbiklPEN,Summrs,3,explored,5fBcVfTWenqUDOYR5SjzEQ
5L15t6I0PQS9SBXbiklPEN,Summrs,3,explored,7mJfqlklKtA6sHkavWth09
5L15t6I0PQS9SBXbiklPEN,Summrs,3,explored,4mAsHgZzoZvU0eMbHOB60X
5L15t6I0PQS9SBXbiklPEN,Summrs,3,related,7tFehEdzjjoeiwUExR89qs
5L15t6I0PQS9SBXbiklPEN,Summrs,3,related,0uj6QiPsPfK8ywLC7uwBE1
5L15t6I0PQS9SBXbiklPEN,Summrs,3,related,7p9z8XOXVNeBNvs9EOxX2W
5L15t6I0PQS9SBXbiklPEN,Summrs,3,related,6NmvwMFvNRQmWdW5N1nxsC
5L15t6I0PQS9SBXbiklPEN,Summrs,3,related,089ASSwOW4Cih3frNuDtUv
5L15t6I0PQS9SBXbiklPEN,Summrs,3,related,1xgl9yxqIVq8PEEMai38uV
5L15t6I0PQS9SBXbiklPEN,Summrs,3,related,37v7VwiEJ4ImKCmCrA2Z6a
5L15t6I0PQS9SBXbiklPEN,Summrs,3,related,3vyZoDNCwuPuiFPl2KihGx
5L15t6I0PQS9SBXbiklPEN,Summrs,3,related,63ELR8SMfqu8EH9eXqCt9j
5L15t6I0PQS9SBXbiklPEN,Summrs,3,related,6FqXAd1hQl7vVdIQ3hhtgc
5L15t6I0PQS9SBXbiklPEN,Summrs,3,related,5tQMB0cuNXdCtzovGt55uD
5L15t6I0PQS9SBXbiklPEN,Summrs,3,related,2BMq835Yir366yDKvW3Rcv
5L15t6I0PQS9SBXbiklPEN,Summrs,3,related,4Ijbgdusp7syatYSHIIulR
5L15t6I0PQS9SBXbiklPEN,Summrs,3,related,2JJuMFyGSGUltwqf32E8YT
5L15t6I0PQS9SBXbiklPEN,Summrs,3,related,4o8uzbQaWtcDX3hbgulrPe
3EW0kQ1skZiK1NHg3Spt9J,Takeoff,3,,
3EW0kQ1skZiK1NHg3Spt9J,Takeoff,3,related,0VRj0yCOv2FXJNP47XQnx5
3EW0kQ1skZiK1NHg3Spt9J,Takeoff,3,related,1pPmIToKXyGdsCF6LmqLmI
3EW0kQ1skZiK1NHg3Spt9J,Takeoff,3,related,6oMuImdp5ZcFhWP0ESe6mG
3EW0kQ1skZiK1NHg3Spt9J,Takeoff,3,related,6i392l38cR3uBPF0DbNs7S
3EW0kQ1skZiK1NHg3Spt9J,Takeoff,3,related,5f7VJjfbwm532GiveGC0ZK
3EW0kQ1skZiK1NHg3Spt9J,Takeoff,3,related,46SHBwWsqBkxI7EeeBEQG7
3EW0kQ1skZiK1NHg3Spt9J,Takeoff,3,related,1URnnhqYAYcrqrcwql10ft
3EW0kQ1skZiK1NHg3Spt9J,Takeoff,3,related,0YinUQ50QDB7ZxSCLyQ40k
3EW0kQ1skZiK1NHg3Spt9J,Takeoff,3,related,0RESbWvOMyua0yuyVrztJ5
3EW0kQ1skZiK1NHg3Spt9J,Takeoff,3,related,0WK3H9OErSn5zKOkOV5egm
3EW0kQ1skZiK1NHg3Spt9J,Takeoff,3,related,20sxb77xiYeusSH8cVdatc
3EW0kQ1skZiK1NHg3Spt9J,Takeoff,3,related,4DdkRBBYG6Yk9Ka8tdJ9BW
3EW0kQ1skZiK1NHg3Spt9J,Takeoff,3,related,757aE44tKEUQEqRuT6GnEB
3EW0kQ1skZiK1NHg3Spt9J,Takeoff,3,related,50co4Is1HCEo8bhOyUWKpn
3EW0kQ1skZiK1NHg3Spt9J,Takeoff,3,related,2RDOrhPqAM4jzTRCEb19qX
3EW0kQ1skZiK1NHg3Spt9J,Takeoff,3,related,7rkW85dBwwrJtlHRDkJDAC
3EW0kQ1skZiK1NHg3Spt9J,Takeoff,3,related,3CbYyyd8wH3RT6t0jwpdzC
3EW0kQ1skZiK1NHg3Spt9J,Takeoff,3,related,13y7CgLHjMVRMDqxdx0Xdo
3EW0kQ1skZiK1NHg3Spt9J,Takeoff,3,related,5yPzzu25VzEk8qrGTLIrE1
3EW0kQ1skZiK1NHg3Spt9J,Takeoff,3,related,1RyvyyTE3xzB2ZywiAwp0i
17lzZA2AlOHwCwFALHttmp,2 Chainz,3,,
17lzZA2AlOHwCwFALHttmp,2 Chainz,3,explored,4yBK75WVCQXej1p04GWqxH
17lzZA2AlOHwCwFALHttmp,2 Chainz,3,explored,5oNgAs7j5XcBMzWv3HAnHG
17lzZA2AlOHwCwFALHttmp,2 Chainz,3,explored,5OrB6Jhhrl9y2PK0pSV4VP
17lzZA2AlOHwCwFALHttmp,2 Chainz,3,related,1sBkRIssrMs1AbVkOJbc7a
17lzZA2AlOHwCwFALHttmp,2 Chainz,3,related,0c173mlxpT3dSFRgMO8XPh
17lzZA2AlOHwCwFALHttmp,2 Chainz,3,related,55Aa2cqylxrFIXC767Z865
17lzZA2AlOHwCwFALHttmp,2 Chainz,3,related,13y7CgLHjMVRMDqxdx0Xdo
17lzZA2AlOHwCwFALHttmp,2 Chainz,3,related,6oMuImdp5ZcFhWP0ESe6mG
17lzZA2AlOHwCwFALHttmp,2 Chainz,3,related,5gCRApTajqwbnHHPbr2Fpi
17lzZA2AlOHwCwFALHttmp,2 Chainz,3,related,20sxb77xiYeusSH8cVdatc
17lzZA2AlOHwCwFALHttmp,2 Chainz,3,related,0QHgL1lAIqAw0HtD7YldmP
17lzZA2AlOHwCwFALHttmp,2 Chainz,3,related,4OBJLual30L7gRl5UkeRcT
17lzZA2AlOHwCwFALHttmp,2 Chainz,3,related,0A0FS04o6zMoto8OKPsDwY
17lzZA2AlOHwCwFALHttmp,2 Chainz,3,related,0NWbwDZY1VkRqFafuQm6wk
17lzZA2AlOHwCwFALHttmp,2 Chainz,3,related,28ExwzUQsvgJooOI0X1mr3
17lzZA2AlOHwCwFALHttmp,2 Chainz,3,related,5IcR3N7QB1j6KBL8eImZ8m
17lzZA2AlOHwCwFALHttmp,2 Chainz,3,related,6Ha4aES39QiVjR0L2lwuwq
17lzZA2AlOHwCwFALHttmp,2 Chainz,3,related,5dHt1vcEm9qb8fCyLcB3HL
17lzZA2AlOHwCwFALHttmp,2 Chainz,3,related,0VRj0yCOv2FXJNP47XQnx5
17lzZA2AlOHwCwFALHttmp,2 Chainz,3,related,0YinUQ50QDB7ZxSCLyQ40k
6Ha4aES39QiVjR0L2lwuwq,Yo Gotti,3,,
6Ha4aES39QiVjR0L2lwuwq,Yo Gotti,3,explored,41klVmDluQZmGGqoidNfbe
6Ha4aES39QiVjR0L2lwuwq,Yo Gotti,3,explored,1Zatb2YN4erBOoSivOXc0o
6Ha4aES39QiVjR0L2lwuwq,Yo Gotti,3,explored,1gPhS1zisyXr5dHTYZyiMe
6Ha4aES39QiVjR0L2lwuwq,Yo Gotti,3,explored,35sCXuy5gN6Or69rZ9vqBs
6Ha4aES39QiVjR0L2lwuwq,Yo Gotti,3,explored,5lHRUCqkQZCIWeX7xG4sYT
6Ha4aES39QiVjR0L2lwuwq,Yo Gotti,3,related,5oNgAs7j5XcBMzWv3HAnHG
6Ha4aES39QiVjR0L2lwuwq,Yo Gotti,3,related,13y7CgLHjMVRMDqxdx0Xdo
6Ha4aES39QiVjR0L2lwuwq,Yo Gotti,3,related,17lzZA2AlOHwCwFALHttmp
6Ha4aES39QiVjR0L2lwuwq,Yo Gotti,3,related,3tJoFztHeIJkJWMrx0td2f
6Ha4aES39QiVjR0L2lwuwq,Yo Gotti,3,related,4yBK75WVCQXej1p04GWqxH
6Ha4aES39QiVjR0L2lwuwq,Yo Gotti,3,related,5OrB6Jhhrl9y2PK0pSV4VP
6Ha4aES39QiVjR0L2lwuwq,Yo Gotti,3,related,0NWbwDZY1VkRqFafuQm6wk
6Ha4aES39QiVjR0L2lwuwq,Yo Gotti,3,related,20sxb77xiYeusSH8cVdatc
6Ha4aES39QiVjR0L2lwuwq,Yo Gotti,3,related,6oMuImdp5ZcFhWP0ESe6mG
6Ha4aES39QiVjR0L2lwuwq,Yo Gotti,3,related,0A0FS04o6zMoto8OKPsDwY
6Ha4aES39QiVjR0L2lwuwq,Yo Gotti,3,related,1sBkRIssrMs1AbVkOJbc7a
6Ha4aES39QiVjR0L2lwuwq,Yo Gotti,3,related,3HiuzBlSW7pGDXlSFMhO2g
6Ha4aES39QiVjR0L2lwuwq,Yo Gotti,3,related,6z7xFFHxYkE9t8bwIF0Bvg
6Ha4aES39QiVjR0L2lwuwq,Yo Gotti,3,related,6AUl0ykLLpvTktob97x9hO
6Ha4aES39QiVjR0L2lwuwq,Yo Gotti,3,related,0c173mlxpT3dSFRgMO8XPh
5gCRApTajqwbnHHPbr2Fpi,Juicy J,3,,
5gCRApTajqwbnHHPbr2Fpi,Juicy J,3,explored,26s8LSolLfCIY88ysQbIuT
5gCRApTajqwbnHHPbr2Fpi,Juicy J,3,explored,08Ld63UgKrJ0nZnCkzHtzc
5gCRApTajqwbnHHPbr2Fpi,Juicy J,3,explored,3ZooCJzNMTLpmJaIRUEorI
5gCRApTajqwbnHHPbr2Fpi,Juicy J,3,explored,6f4XkbvYlXMH0QgVRzW0sM
5gCRApTajqwbnHHPbr2Fpi,Juicy J,3,explored,0bfX8pF8kuHNCs57Ms4jZb
5gCRApTajqwbnHHPbr2Fpi,Juicy J,3,related,17lzZA2AlOHwCwFALHttmp
5gCRApTajqwbnHHPbr2Fpi,Juicy J,3,related,13y7CgLHjMVRMDqxdx0Xdo
5gCRApTajqwbnHHPbr2Fpi,Juicy J,3,related,4yBK75WVCQXej1p04GWqxH
5gCRApTajqwbnHHPbr2Fpi,Juicy J,3,related,0RESbWvOMyua0yuyVrztJ5
5gCRApTajqwbnHHPbr2Fpi,Juicy J,3,related,1sBkRIssrMs1AbVkOJbc7a
5gCRApTajqwbnHHPbr2Fpi,Juicy J,3,related,0A0FS04o6zMoto8OKPsDwY
5gCRApTajqwbnHHPbr2Fpi,Juicy J,3,related,55Aa2cqylxrFIXC767Z865
5gCRApTajqwbnHHPbr2Fpi,Juicy J,3,related,5IcR3N7QB1j6KBL8eImZ8m
5gCRApTajqwbnHHPbr2Fpi,Juicy J,3,related,5oNgAs7j5XcBMzWv3HAnHG
5gCRApTajqwbnHHPbr2Fpi,Juicy J,3,related,6Ha4aES39QiVjR0L2lwuwq
5gCRApTajqwbnHHPbr2Fpi,Juicy J,3,related,0k7Xl1pqI3tu8sSEjo5oEg
5gCRApTajqwbnHHPbr2Fpi,Juicy J,3,related,0NWbwDZY1VkRqFafuQm6wk
5gCRApTajqwbnHHPbr2Fpi,Juicy J,3,related,3HiuzBlSW7pGDXlSFMhO2g
5gCRApTajqwbnHHPbr2Fpi,Juicy J,3,related,1gPhS1zisyXr5dHTYZyiMe
5gCRApTajqwbnHHPbr2Fpi,Juicy J,3,related,0c173mlxpT3dSFRgMO8XPh
3HiuzBlSW7pGDXlSFMhO2g,Young Dolph,3,,
3HiuzBlSW7pGDXlSFMhO2g,Young Dolph,3,explored,65smG2lgnRmrDB8g7z1hG0
3HiuzBlSW7pGDXlSFMhO2g,Young Dolph,3,explored,4nZmMrwH6LxHnCzQv4IFUE
3HiuzBlSW7pGDXlSFMhO2g,Young Dolph,3,explored,579LsvZcRVKtToYjS0tkKz
3HiuzBlSW7pGDXlSFMhO2g,Young Dolph,3,explored,72ltK39qT3DgtiCZgOAaGs
3HiuzBlSW7pGDXlSFMhO2g,Young Dolph,3,explored,5iyTbismzdvyjpjIuhKRvX
3HiuzBlSW7pGDXlSFMhO2g,Young Dolph,3,related,0RESbWvOMyua0yuyVrztJ5
3HiuzBlSW7pGDXlSFMhO2g,Young Dolph,3,related,3tJoFztHeIJkJWMrx0td2f
3HiuzBlSW7pGDXlSFMhO2g,Young Dolph,3,related,5F1aAS1duwlzExnPs3l2Xe
3HiuzBlSW7pGDXlSFMhO2g,Young Dolph,3,related,13y7CgLHjMVRMDqxdx0Xdo
3HiuzBlSW7pGDXlSFMhO2g,Young Dolph,3,related,45gHcnDnMC15sgx3VL7ROG
3HiuzBlSW7pGDXlSFMhO2g,Young Dolph,3,related,3Rx4PJ7SP6unkOk5elPUK7
3HiuzBlSW7pGDXlSFMhO2g,Young Dolph,3,related,4FlG0V0jhLO4qGpayFOphj
3HiuzBlSW7pGDXlSFMhO2g,Young Dolph,3,related,46SHBwWsqBkxI7EeeBEQG7
3HiuzBlSW7pGDXlSFMhO2g,Young Dolph,3,related,6Ha4aES39QiVjR0L2lwuwq
3HiuzBlSW7pGDXlSFMhO2g,Young Dolph,3,related,6AUl0ykLLpvTktob97x9hO
3HiuzBlSW7pGDXlSFMhO2g,Young Dolph,3,related,3tYObOPkxDpra3sjNdCeKa
3HiuzBlSW7pGDXlSFMhO2g,Young Dolph,3,related,3PGiywHOqNwJ1bv4S3fgZF
3HiuzBlSW7pGDXlSFMhO2g,Young Dolph,3,related,3BAgmPNIK5IJl7zMK1wvMA
3HiuzBlSW7pGDXlSFMhO2g,Young Dolph,3,related,4cmA2QDPdzh8W2ytpyUGes
3HiuzBlSW7pGDXlSFMhO2g,Young Dolph,3,related,1mceaxtjWdEmwoDVAlkC41
3tJoFztHeIJkJWMrx0td2f,Moneybagg Yo,3,,
3tJoFztHeIJkJWMrx0td2f,Moneybagg Yo,3,related,45gHcnDnMC15sgx3VL7ROG
3tJoFztHeIJkJWMrx0td2f,Moneybagg Yo,3,related,3HiuzBlSW7pGDXlSFMhO2g
3tJoFztHeIJkJWMrx0td2f,Moneybagg Yo,3,related,0RESbWvOMyua0yuyVrztJ5
3tJoFztHeIJkJWMrx0td2f,Moneybagg Yo,3,related,5F1aAS1duwlzExnPs3l2Xe
3tJoFztHeIJkJWMrx0td2f,Moneybagg Yo,3,related,6AUl0ykLLpvTktob97x9hO
3tJoFztHeIJkJWMrx0td2f,Moneybagg Yo,3,related,3Rx4PJ7SP6unkOk5elPUK7
3tJoFztHeIJkJWMrx0td2f,Moneybagg Yo,3,related,5f7VJjfbwm532GiveGC0ZK
3tJoFztHeIJkJWMrx0td2f,Moneybagg Yo,3,related,3hcs9uc56yIGFCSy9leWe7
3tJoFztHeIJkJWMrx0td2f,Moneybagg Yo,3,related,4FlG0V0jhLO4qGpayFOphj
3tJoFztHeIJkJWMrx0td2f,Moneybagg Yo,3,related,13y7CgLHjMVRMDqxdx0Xdo
3tJoFztHeIJkJWMrx0td2f,Moneybagg Yo,3,related,46SHBwWsqBkxI7EeeBEQG7
3tJoFztHeIJkJWMrx0td2f,Moneybagg Yo,3,related,6Ha4aES39QiVjR0L2lwuwq
3tJoFztHeIJkJWMrx0td2f,Moneybagg Yo,3,related,4nZmMrwH6LxHnCzQv4IFUE
3tJoFztHeIJkJWMrx0td2f,Moneybagg Yo,3,related,5QdEbQJ3ylBnc3gsIASAT5
3tJoFztHeIJkJWMrx0td2f,Moneybagg Yo,3,related,0Njy6yR9LykNKYg9yE23QN
3tJoFztHeIJkJWMrx0td2f,Moneybagg Yo,3,related,5oNgAs7j5XcBMzWv3HAnHG
3tJoFztHeIJkJWMrx0td2f,Moneybagg Yo,3,related,23xFbA9rYgRX8mreqysWPc
3tJoFztHeIJkJWMrx0td2f,Moneybagg Yo,3,related,1jBoSSrbz9n4ehQWA4cZgB
3tJoFztHeIJkJWMrx0td2f,Moneybagg Yo,3,related,6i392l38cR3uBPF0DbNs7S
3tJoFztHeIJkJWMrx0td2f,Moneybagg Yo,3,related,7wlFDEWiM5OoIAt8RSli8b
1sBkRIssrMs1AbVkOJbc7a,Rick Ross,3,,
1sBkRIssrMs1AbVkOJbc7a,Rick Ross,3,explored,0NbfKEOTQCcwd6o7wSDOHI
1sBkRIssrMs1AbVkOJbc7a,Rick Ross,3,explored,67nwj3Y5sZQLl72VNUHEYE
1sBkRIssrMs1AbVkOJbc7a,Rick Ross,3,related,20sxb77xiYeusSH8cVdatc
1sBkRIssrMs1AbVkOJbc7a,Rick Ross,3,related,17lzZA2AlOHwCwFALHttmp
1sBkRIssrMs1AbVkOJbc7a,Rick Ross,3,related,55Aa2cqylxrFIXC767Z865
1sBkRIssrMs1AbVkOJbc7a,Rick Ross,3,related,4yBK75WVCQXej1p04GWqxH
1sBkRIssrMs1AbVkOJbc7a,Rick Ross,3,related,0QHgL1lAIqAw0HtD7YldmP
1sBkRIssrMs1AbVkOJbc7a,Rick Ross,3,related,13y7CgLHjMVRMDqxdx0Xdo
1sBkRIssrMs1AbVkOJbc7a,Rick Ross,3,related,5oNgAs7j5XcBMzWv3HAnHG
1sBkRIssrMs1AbVkOJbc7a,Rick Ross,3,related,0c173mlxpT3dSFRgMO8XPh
1sBkRIssrMs1AbVkOJbc7a,Rick Ross,3,related,1RyvyyTE3xzB2ZywiAwp0i
1sBkRIssrMs1AbVkOJbc7a,Rick Ross,3,related,4OBJLual30L7gRl5UkeRcT
1sBkRIssrMs1AbVkOJbc7a,Rick Ross,3,related,6l3HvQ5sa6mXTsMTB19rO5
1sBkRIssrMs1AbVkOJbc7a,Rick Ross,3,related,3TVXtAsR1Inumwj472S9r4
1sBkRIssrMs1AbVkOJbc7a,Rick Ross,3,related,0VRj0yCOv2FXJNP47XQnx5
1sBkRIssrMs1AbVkOJbc7a,Rick Ross,3,related,28ExwzUQsvgJooOI0X1mr3
1sBkRIssrMs1AbVkOJbc7a,Rick Ross,3,related,5OrB6Jhhrl9y2PK0pSV4VP
1sBkRIssrMs1AbVkOJbc7a,Rick Ross,3,related,50co4Is1HCEo8bhOyUWKpn
1sBkRIssrMs1AbVkOJbc7a,Rick Ross,3,related,0YinUQ50QDB7ZxSCLyQ40k
1sBkRIssrMs1AbVkOJbc7a,Rick Ross,3,related,7c0XG5cIJTrrAgEC3ULPiq
0c173mlxpT3dSFRgMO8XPh,Big Sean,3,,
0c173mlxpT3dSFRgMO8XPh,Big Sean,3,related,0QHgL1lAIqAw0HtD7YldmP
0c173mlxpT3dSFRgMO8XPh,Big Sean,3,related,55Aa2cqylxrFIXC767Z865
0c173mlxpT3dSFRgMO8XPh,Big Sean,3,related,7c0XG5cIJTrrAgEC3ULPiq
0c173mlxpT3dSFRgMO8XPh,Big Sean,3,related,17lzZA2AlOHwCwFALHttmp
0c173mlxpT3dSFRgMO8XPh,Big Sean,3,related,6l3HvQ5sa6mXTsMTB19rO5
0c173mlxpT3dSFRgMO8XPh,Big Sean,3,related,7iZtZyCzp3LItcw1wtPI3D
0c173mlxpT3dSFRgMO8XPh,Big Sean,3,related,5dHt1vcEm9qb8fCyLcB3HL
0c173mlxpT3dSFRgMO8XPh,Big Sean,3,related,0NWbwDZY1VkRqFafuQm6wk
0c173mlxpT3dSFRgMO8XPh,Big Sean,3,related,6oMuImdp5ZcFhWP0ESe6mG
0c173mlxpT3dSFRgMO8XPh,Big Sean,3,related,3KV3p5EY4AvKxOlhGHORLg
0c173mlxpT3dSFRgMO8XPh,Big Sean,3,related,5LHRHt1k9lMyONurDHEdrp
0c173mlxpT3dSFRgMO8XPh,Big Sean,3,related,5IcR3N7QB1j6KBL8eImZ8m
0c173mlxpT3dSFRgMO8XPh,Big Sean,3,related,67nwj3Y5sZQLl72VNUHEYE
0c173mlxpT3dSFRgMO8XPh,Big Sean,3,related,1sBkRIssrMs1AbVkOJbc7a
0c173mlxpT3dSFRgMO8XPh,Big Sean,3,related,6vXTefBL93Dj5IqAWq6OTv
0c173mlxpT3dSFRgMO8XPh,Big Sean,3,related,20sxb77xiYeusSH8cVdatc
0c173mlxpT3dSFRgMO8XPh,Big Sean,3,related,0A0FS04o6zMoto8OKPsDwY
0c173mlxpT3dSFRgMO8XPh,Big Sean,3,related,0YinUQ50QDB7ZxSCLyQ40k
0c173mlxpT3dSFRgMO8XPh,Big Sean,3,related,3aQeKQSyrW4qWr35idm0cy
0c173mlxpT3dSFRgMO8XPh,Big Sean,3,related,3TVXtAsR1Inumwj472S9r4
28ExwzUQsvgJooOI0X1mr3,Jay Rock,3,,
28ExwzUQsvgJooOI0X1mr3,Jay Rock,3,explored,5me0Irg2ANcsgc93uaYrpb
28ExwzUQsvgJooOI0X1mr3,Jay Rock,3,explored,20qISvAhX20dpIbOOzGK3q
28ExwzUQsvgJooOI0X1mr3,Jay Rock,3,explored,4xRYI6VqpkE3UwrDrAZL8L
28ExwzUQsvgJooOI0X1mr3,Jay Rock,3,related,5IcR3N7QB1j6KBL8eImZ8m
28ExwzUQsvgJooOI0X1mr3,Jay Rock,3,related,5dHt1vcEm9qb8fCyLcB3HL
28ExwzUQsvgJooOI0X1mr3,Jay Rock,3,related,6l3HvQ5sa6mXTsMTB19rO5
28ExwzUQsvgJooOI0X1mr3,Jay Rock,3,related,6oMuImdp5ZcFhWP0ESe6mG
28ExwzUQsvgJooOI0X1mr3,Jay Rock,3,related,17lzZA2AlOHwCwFALHttmp
28ExwzUQsvgJooOI0X1mr3,Jay Rock,3,related,0YinUQ50QDB7ZxSCLyQ40k
28ExwzUQsvgJooOI0X1mr3,Jay Rock,3,related,13ubrt8QOOCPljQ2FL1Kca
28ExwzUQsvgJooOI0X1mr3,Jay Rock,3,related,0c173mlxpT3dSFRgMO8XPh
28ExwzUQsvgJooOI0X1mr3,Jay Rock,3,related,1sBkRIssrMs1AbVkOJbc7a
28ExwzUQsvgJooOI0X1mr3,Jay Rock,3,related,20sxb77xiYeusSH8cVdatc
28ExwzUQsvgJooOI0X1mr3,Jay Rock,3,related,6fxyWrfmjcbj5d12gXeiNV
28ExwzUQsvgJooOI0X1mr3,Jay Rock,3,related,5K4W6rqBFWDnAN6FQUkS6x
28ExwzUQsvgJooOI0X1mr3,Jay Rock,3,related,0NbfKEOTQCcwd6o7wSDOHI
28ExwzUQsvgJooOI0X1mr3,Jay Rock,3,related,0A0FS04o6zMoto8OKPsDwY
28ExwzUQsvgJooOI0X1mr3,Jay Rock,3,related,55Aa2cqylxrFIXC767Z865
28ExwzUQsvgJooOI0X1mr3,Jay Rock,3,related,2P5sC9cVZDToPxyomzF1UH
28ExwzUQsvgJooOI0X1mr3,Jay Rock,3,related,70gP6Ry4Uo0Yx6uzPIdaiJ
3CbYyyd8wH3RT6t0jwpdzC,Murda Beatz,3,,
3CbYyyd8wH3RT6t0jwpdzC,Murda Beatz,3,related,1pPmIToKXyGdsCF6LmqLmI
3CbYyyd8wH3RT6t0jwpdzC,Murda Beatz,3,related,46SHBwWsqBkxI7EeeBEQG7
3CbYyyd8wH3RT6t0jwpdzC,Murda Beatz,3,related,0A0FS04o6zMoto8OKPsDwY
3CbYyyd8wH3RT6t0jwpdzC,Murda Beatz,3,related,6i392l38cR3uBPF0DbNs7S
3CbYyyd8wH3RT6t0jwpdzC,Murda Beatz,3,related,2HUwZ0kumzCSlhFcjFZfpp
3CbYyyd8wH3RT6t0jwpdzC,Murda Beatz,3,related,0YinUQ50QDB7ZxSCLyQ40k
3CbYyyd8wH3RT6t0jwpdzC,Murda Beatz,3,related,7rkW85dBwwrJtlHRDkJDAC
3CbYyyd8wH3RT6t0jwpdzC,Murda Beatz,3,related,0WK3H9OErSn5zKOkOV5egm
3CbYyyd8wH3RT6t0jwpdzC,Murda Beatz,3,related,6oMuImdp5ZcFhWP0ESe6mG
3CbYyyd8wH3RT6t0jwpdzC,Murda Beatz,3,related,6Xgp2XMz1fhVYe7i6yNAax
3CbYyyd8wH3RT6t0jwpdzC,Murda Beatz,3,related,23DYJsw4uSCguIqiTIDtcN
3CbYyyd8wH3RT6t0jwpdzC,Murda Beatz,3,related,7d3WFRME3vBY2cgoP38RDo
3CbYyyd8wH3RT6t0jwpdzC,Murda Beatz,3,related,20sxb77xiYeusSH8cVdatc
3CbYyyd8wH3RT6t0jwpdzC,Murda Beatz,3,related,3EW0kQ1skZiK1NHg3Spt9J
3CbYyyd8wH3RT6t0jwpdzC,Murda Beatz,3,related,21WS9wngs9AqFckK7yYJPM
3CbYyyd8wH3RT6t0jwpdzC,Murda Beatz,3,related,31W5EY0aAly4Qieq6OFu6I
3CbYyyd8wH3RT6t0jwpdzC,Murda Beatz,3,related,3Fl1V19tmjt57oBdxXKAjJ
3CbYyyd8wH3RT6t0jwpdzC,Murda Beatz,3,related,3gGUMEwIX6XodWsYEvKSal
3CbYyyd8wH3RT6t0jwpdzC,Murda Beatz,3,related,5f7VJjfbwm532GiveGC0ZK
3CbYyyd8wH3RT6t0jwpdzC,Murda Beatz,3,related,6AUl0ykLLpvTktob97x9hO
7rkW85dBwwrJtlHRDkJDAC,NAV,3,,
7rkW85dBwwrJtlHRDkJDAC,NAV,3,related,4O15NlyKLIASxsJ0PrXPfz
7rkW85dBwwrJtlHRDkJDAC,NAV,3,related,1pPmIToKXyGdsCF6LmqLmI
7rkW85dBwwrJtlHRDkJDAC,NAV,3,related,5f7VJjfbwm532GiveGC0ZK
7rkW85dBwwrJtlHRDkJDAC,NAV,3,related,6Xgp2XMz1fhVYe7i6yNAax
7rkW85dBwwrJtlHRDkJDAC,NAV,3,related,50co4Is1HCEo8bhOyUWKpn
7rkW85dBwwrJtlHRDkJDAC,NAV,3,related,6oMuImdp5ZcFhWP0ESe6mG
7rkW85dBwwrJtlHRDkJDAC,NAV,3,related,31W5EY0aAly4Qieq6OFu6I
7rkW85dBwwrJtlHRDkJDAC,NAV,3,related,0YinUQ50QDB7ZxSCLyQ40k
7rkW85dBwwrJtlHRDkJDAC,NAV,3,related,1RyvyyTE3xzB2ZywiAwp0i
7rkW85dBwwrJtlHRDkJDAC,NAV,3,related,6i392l38cR3uBPF0DbNs7S
7rkW85dBwwrJtlHRDkJDAC,NAV,3,related,46SHBwWsqBkxI7EeeBEQG7
7rkW85dBwwrJtlHRDkJDAC,NAV,3,related,1URnnhqYAYcrqrcwql10ft
7rkW85dBwwrJtlHRDkJDAC,NAV,3,related,6icQOAFXDZKsumw3YXyusw
7rkW85dBwwrJtlHRDkJDAC,NAV,3,related,3CbYyyd8wH3RT6t0jwpdzC
7rkW85dBwwrJtlHRDkJDAC,NAV,3,related,0VRj0yCOv2FXJNP47XQnx5
7rkW85dBwwrJtlHRDkJDAC,NAV,3,related,757aE44tKEUQEqRuT6GnEB
7rkW85dBwwrJtlHRDkJDAC,NAV,3,related,0WK3H9OErSn5zKOkOV5egm
7rkW85dBwwrJtlHRDkJDAC,NAV,3,related,6MPCFvOQv5cIGfw3jODMF0
7rkW85dBwwrJtlHRDkJDAC,NAV,3,related,2hlmm7s2ICUX0LVIhVFlZQ
7rkW85dBwwrJtlHRDkJDAC,NAV,3,related,3hcs9uc56yIGFCSy9leWe7
3gGUMEwIX6XodWsYEvKSal,YBN Nahmir,3,,
3gGUMEwIX6XodWsYEvKSal,YBN Nahmir,3,explored,2HWXxzgBIr0RMSZmvMZeJU
3gGUMEwIX6XodWsYEvKSal,YBN Nahmir,3,explored,1iJdyDcY98X3GMnUesl7tf
3gGUMEwIX6XodWsYEvKSal,YBN Nahmir,3,explored,5SyGEPymt1G2uto47tVWvZ
3gGUMEwIX6XodWsYEvKSal,YBN Nahmir,3,explored,1m7LSAMIB1BErIHYSOn32W
3gGUMEwIX6XodWsYEvKSal,YBN Nahmir,3,explored,5lCY3tqdQxbeg5igSlObaT
3gGUMEwIX6XodWsYEvKSal,YBN Nahmir,3,related,2ODbg2404zUzTi02qIPEjB
3gGUMEwIX6XodWsYEvKSal,YBN Nahmir,3,related,0WOxhx4hikIsyF3CRPLC8W
3gGUMEwIX6XodWsYEvKSal,YBN Nahmir,3,related,1pPmIToKXyGdsCF6LmqLmI
3gGUMEwIX6XodWsYEvKSal,YBN Nahmir,3,related,7d3WFRME3vBY2cgoP38RDo
3gGUMEwIX6XodWsYEvKSal,YBN Nahmir,3,related,2HUwZ0kumzCSlhFcjFZfpp
3gGUMEwIX6XodWsYEvKSal,YBN Nahmir,3,related,2gGtD7OGXbNZAY3oCZvZqA
3gGUMEwIX6XodWsYEvKSal,YBN Nahmir,3,related,6pb2Dl1FHK081UKW6aUqgF
3gGUMEwIX6XodWsYEvKSal,YBN Nahmir,3,related,0ceH34CATvfgphxnLRWFkm
3gGUMEwIX6XodWsYEvKSal,YBN Nahmir,3,related,0umhtjpC8x3Dg7UXDNUzmX
3gGUMEwIX6XodWsYEvKSal,YBN Nahmir,3,related,3IaKn0ExWTMPqa0mscUYw3
3gGUMEwIX6XodWsYEvKSal,YBN Nahmir,3,related,46SHBwWsqBkxI7EeeBEQG7
3gGUMEwIX6XodWsYEvKSal,YBN Nahmir,3,related,2rhFzFmezpnW82MNqEKVry
3gGUMEwIX6XodWsYEvKSal,YBN Nahmir,3,related,3Fl1V19tmjt57oBdxXKAjJ
3gGUMEwIX6XodWsYEvKSal,YBN Nahmir,3,related,5IbEL2xjRtKsunfmsahLuO
3gGUMEwIX6XodWsYEvKSal,YBN Nahmir,3,related,0rpUnzu4JIoRkKkGvdcm7b
7d3WFRME3vBY2cgoP38RDo,Lil Skies,3,,
7d3WFRME3vBY2cgoP38RDo,Lil Skies,3,explored,04ei5kNgmDuNAydFhhIHnD
7d3WFRME3vBY2cgoP38RDo,Lil Skies,3,explored,5IbEL2xjRtKsunfmsahLuO
7d3WFRME3vBY2cgoP38RDo,Lil Skies,3,explored,21dooacK2WGBB5amYvKyfM
7d3WFRME3vBY2cgoP38RDo,Lil Skies,3,explored,3EXdLajEO02ziZ90P90bSW
7d3WFRME3vBY2cgoP38RDo,Lil Skies,3,explored,61qMnYXa1GxSBoV3IiYKjZ
7d3WFRME3vBY2cgoP38RDo,Lil Skies,3,related,3gGUMEwIX6XodWsYEvKSal
7d3WFRME3vBY2cgoP38RDo,Lil Skies,3,related,6Xgp2XMz1fhVYe7i6yNAax
7d3WFRME3vBY2cgoP38RDo,Lil Skies,3,related,1pPmIToKXyGdsCF6LmqLmI
7d3WFRME3vBY2cgoP38RDo,Lil Skies,3,related,2HUwZ0kumzCSlhFcjFZfpp
7d3WFRME3vBY2cgoP38RDo,Lil Skies,3,related,5zctI4wO9XSKS8XwcnqEHk
7d3WFRME3vBY2cgoP38RDo,Lil Skies,3,related,0WOxhx4hikIsyF3CRPLC8W
7d3WFRME3vBY2cgoP38RDo,Lil Skies,3,related,7rkW85dBwwrJtlHRDkJDAC
7d3WFRME3vBY2cgoP38RDo,Lil Skies,3,related,4O15NlyKLIASxsJ0PrXPfz
7d3WFRME3vBY2cgoP38RDo,Lil Skies,3,related,4MCBfE4596Uoi2O4DtmEMz
7d3WFRME3vBY2cgoP38RDo,Lil Skies,3,related,3CbYyyd8wH3RT6t0jwpdzC
7d3WFRME3vBY2cgoP38RDo,Lil Skies,3,related,31W5EY0aAly4Qieq6OFu6I
7d3WFRME3vBY2cgoP38RDo,Lil Skies,3,related,1cNDP5yjU5vjeR8qMf4grg
7d3WFRME3vBY2cgoP38RDo,Lil Skies,3,related,2rhFzFmezpnW82MNqEKVry
7d3WFRME3vBY2cgoP38RDo,Lil Skies,3,related,2ODbg2404zUzTi02qIPEjB
7d3WFRME3vBY2cgoP38RDo,Lil Skies,3,related,2HWXxzgBIr0RMSZmvMZeJU
0WOxhx4hikIsyF3CRPLC8W,Famous Dex,3,,
0WOxhx4hikIsyF3CRPLC8W,Famous Dex,3,explored,4TEJudQY2pXxVHPE3gD2EU
0WOxhx4hikIsyF3CRPLC8W,Famous Dex,3,explored,2J6pigOrBmKQgqJUY5UM7r
0WOxhx4hikIsyF3CRPLC8W,Famous Dex,3,explored,3Fdm9TFJQCLmC3AWMuGExi
0WOxhx4hikIsyF3CRPLC8W,Famous Dex,3,explored,0umhtjpC8x3Dg7UXDNUzmX
0WOxhx4hikIsyF3CRPLC8W,Famous Dex,3,explored,7yO4IdJjCEPz7YgZMe25iS
0WOxhx4hikIsyF3CRPLC8W,Famous Dex,3,related,3gGUMEwIX6XodWsYEvKSal
0WOxhx4hikIsyF3CRPLC8W,Famous Dex,3,related,5SyGEPymt1G2uto47tVWvZ
0WOxhx4hikIsyF3CRPLC8W,Famous Dex,3,related,21dooacK2WGBB5amYvKyfM
0WOxhx4hikIsyF3CRPLC8W,Famous Dex,3,related,1pPmIToKXyGdsCF6LmqLmI
0WOxhx4hikIsyF3CRPLC8W,Famous Dex,3,related,2ODbg2404zUzTi02qIPEjB
0WOxhx4hikIsyF3CRPLC8W,Famous Dex,3,related,3wyVrVrFCkukjdVIdirGVY
0WOxhx4hikIsyF3CRPLC8W,Famous Dex,3,related,7d3WFRME3vBY2cgoP38RDo
0WOxhx4hikIsyF3CRPLC8W,Famous Dex,3,related,6oMuImdp5ZcFhWP0ESe6mG
0WOxhx4hikIsyF3CRPLC8W,Famous Dex,3,related,5lCY3tqdQxbeg5igSlObaT
0WOxhx4hikIsyF3CRPLC8W,Famous Dex,3,related,04ei5kNgmDuNAydFhhIHnD
0WOxhx4hikIsyF3CRPLC8W,Famous Dex,3,related,2HUwZ0kumzCSlhFcjFZfpp
0WOxhx4hikIsyF3CRPLC8W,Famous Dex,3,related,3CbYyyd8wH3RT6t0jwpdzC
0WOxhx4hikIsyF3CRPLC8W,Famous Dex,3,related,2HWXxzgBIr0RMSZmvMZeJU
0WOxhx4hikIsyF3CRPLC8W,Famous Dex,3,related,5M0lbkGluOPXLeFjApw8r8
0WOxhx4hikIsyF3CRPLC8W,Famous Dex,3,related,7iZtZyCzp3LItcw1wtPI3D
2HPaUgqeutzr3jx5a9WyDV,PARTYNEXTDOOR,3,,
2HPaUgqeutzr3jx5a9WyDV,PARTYNEXTDOOR,3,explored,3tlXnStJ1fFhdScmQeLpuG
2HPaUgqeutzr3jx5a9WyDV,PARTYNEXTDOOR,3,explored,2ICR2m4hOBPhaYiZB3rnLW
2HPaUgqeutzr3jx5a9WyDV,PARTYNEXTDOOR,3,explored,57LYzLEk2LcFghVwuWbcuS
2HPaUgqeutzr3jx5a9WyDV,PARTYNEXTDOOR,3,explored,5ZS223C6JyBfXasXxrRqOk
2HPaUgqeutzr3jx5a9WyDV,PARTYNEXTDOOR,3,explored,360IAlyVv4PCEVjgyMZrxK
2HPaUgqeutzr3jx5a9WyDV,PARTYNEXTDOOR,3,related,2EMAnMvWE2eb56ToJVfCWs
2HPaUgqeutzr3jx5a9WyDV,PARTYNEXTDOOR,3,related,2jku7tDXc6XoB6MO2hFuqg
2HPaUgqeutzr3jx5a9WyDV,PARTYNEXTDOOR,3,related,3TVXtAsR1Inumwj472S9r4
2HPaUgqeutzr3jx5a9WyDV,PARTYNEXTDOOR,3,related,4Gso3d4CscCijv0lmajZWs
2HPaUgqeutzr3jx5a9WyDV,PARTYNEXTDOOR,3,related,7c0XG5cIJTrrAgEC3ULPiq
2HPaUgqeutzr3jx5a9WyDV,PARTYNEXTDOOR,3,related,1RyvyyTE3xzB2ZywiAwp0i
2HPaUgqeutzr3jx5a9WyDV,PARTYNEXTDOOR,3,related,7tYKF4w9nC0nq9CsPZTHyP
2HPaUgqeutzr3jx5a9WyDV,PARTYNEXTDOOR,3,related,4fxd5Ee7UefO4CUXgwJ7IP
2HPaUgqeutzr3jx5a9WyDV,PARTYNEXTDOOR,3,related,1ooV8YZC1KbpEcrmI8WH0F
2HPaUgqeutzr3jx5a9WyDV,PARTYNEXTDOOR,3,related,2h93pZq0e7k5yf4dywlkpM
2HPaUgqeutzr3jx5a9WyDV,PARTYNEXTDOOR,3,related,2hlmm7s2ICUX0LVIhVFlZQ
2HPaUgqeutzr3jx5a9WyDV,PARTYNEXTDOOR,3,related,67nwj3Y5sZQLl72VNUHEYE
2HPaUgqeutzr3jx5a9WyDV,PARTYNEXTDOOR,3,related,3u65Tx20y4WqxO7W7khEhj
2HPaUgqeutzr3jx5a9WyDV,PARTYNEXTDOOR,3,related,1Xfmvd48oOhEWkscWyEbh9
2HPaUgqeutzr3jx5a9WyDV,PARTYNEXTDOOR,3,related,3KV3p5EY4AvKxOlhGHORLg
2jku7tDXc6XoB6MO2hFuqg,Tory Lanez,3,,
2jku7tDXc6XoB6MO2hFuqg,Tory Lanez,3,explored,4HzKw8XcD0piJmDrrPRCYk
2jku7tDXc6XoB6MO2hFuqg,Tory Lanez,3,explored,4IVAbR2w4JJNJDDRFP3E83
2jku7tDXc6XoB6MO2hFuqg,Tory Lanez,3,explored,4fxd5Ee7UefO4CUXgwJ7IP
2jku7tDXc6XoB6MO2hFuqg,Tory Lanez,3,related,2HPaUgqeutzr3jx5a9WyDV
2jku7tDXc6XoB6MO2hFuqg,Tory Lanez,3,related,2EMAnMvWE2eb56ToJVfCWs
2jku7tDXc6XoB6MO2hFuqg,Tory Lanez,3,related,3TVXtAsR1Inumwj472S9r4
2jku7tDXc6XoB6MO2hFuqg,Tory Lanez,3,related,7c0XG5cIJTrrAgEC3ULPiq
2jku7tDXc6XoB6MO2hFuqg,Tory Lanez,3,related,4Gso3d4CscCijv0lmajZWs
2jku7tDXc6XoB6MO2hFuqg,Tory Lanez,3,related,3tlXnStJ1fFhdScmQeLpuG
2jku7tDXc6XoB6MO2hFuqg,Tory Lanez,3,related,1RyvyyTE3xzB2ZywiAwp0i
2jku7tDXc6XoB6MO2hFuqg,Tory Lanez,3,related,0iEtIxbK0KxaSlF7G42ZOp
2jku7tDXc6XoB6MO2hFuqg,Tory Lanez,3,related,360IAlyVv4PCEVjgyMZrxK
2jku7tDXc6XoB6MO2hFuqg,Tory Lanez,3,related,7bXgB6jMjp9ATFy66eO08Z
2jku7tDXc6XoB6MO2hFuqg,Tory Lanez,3,related,2hlmm7s2ICUX0LVIhVFlZQ
2jku7tDXc6XoB6MO2hFuqg,Tory Lanez,3,related,0Y5tJX1MQlPlqiwlOH1tJY
2jku7tDXc6XoB6MO2hFuqg,Tory Lanez,3,related,57LYzLEk2LcFghVwuWbcuS
2jku7tDXc6XoB6MO2hFuqg,Tory Lanez,3,related,6l3HvQ5sa6mXTsMTB19rO5
2jku7tDXc6XoB6MO2hFuqg,Tory Lanez,3,related,1URnnhqYAYcrqrcwql10ft
2jku7tDXc6XoB6MO2hFuqg,Tory Lanez,3,related,3KV3p5EY4AvKxOlhGHORLg
2jku7tDXc6XoB6MO2hFuqg,Tory Lanez,3,related,31W5EY0aAly4Qieq6OFu6I
2EMAnMvWE2eb56ToJVfCWs,Bryson Tiller,3,,
2EMAnMvWE2eb56ToJVfCWs,Bryson Tiller,3,explored,3Y7RZ31TRPVadSFVy1o8os
2EMAnMvWE2eb56ToJVfCWs,Bryson Tiller,3,explored,1Xfmvd48oOhEWkscWyEbh9
2EMAnMvWE2eb56ToJVfCWs,Bryson Tiller,3,explored,0cGUm45nv7Z6M6qdXYQGTX
2EMAnMvWE2eb56ToJVfCWs,Bryson Tiller,3,explored,7mDU6nMUJnOSY2Hkjz5oqM
2EMAnMvWE2eb56ToJVfCWs,Bryson Tiller,3,related,2HPaUgqeutzr3jx5a9WyDV
2EMAnMvWE2eb56ToJVfCWs,Bryson Tiller,3,related,57LYzLEk2LcFghVwuWbcuS
2EMAnMvWE2eb56ToJVfCWs,Bryson Tiller,3,related,2jku7tDXc6XoB6MO2hFuqg
2EMAnMvWE2eb56ToJVfCWs,Bryson Tiller,3,related,3tlXnStJ1fFhdScmQeLpuG
2EMAnMvWE2eb56ToJVfCWs,Bryson Tiller,3,related,5ZS223C6JyBfXasXxrRqOk
2EMAnMvWE2eb56ToJVfCWs,Bryson Tiller,3,related,4tMm1dU6Gn04VAZ9ClHcIZ
2EMAnMvWE2eb56ToJVfCWs,Bryson Tiller,3,related,360IAlyVv4PCEVjgyMZrxK
2EMAnMvWE2eb56ToJVfCWs,Bryson Tiller,3,related,3KV3p5EY4AvKxOlhGHORLg
2EMAnMvWE2eb56ToJVfCWs,Bryson Tiller,3,related,3TVXtAsR1Inumwj472S9r4
2EMAnMvWE2eb56ToJVfCWs,Bryson Tiller,3,related,2ICR2m4hOBPhaYiZB3rnLW
2EMAnMvWE2eb56ToJVfCWs,Bryson Tiller,3,related,67nwj3Y5sZQLl72VNUHEYE
2EMAnMvWE2eb56ToJVfCWs,Bryson Tiller,3,related,4fxd5Ee7UefO4CUXgwJ7IP
2EMAnMvWE2eb56ToJVfCWs,Bryson Tiller,3,related,7c0XG5cIJTrrAgEC3ULPiq
2EMAnMvWE2eb56ToJVfCWs,Bryson Tiller,3,related,7bXgB6jMjp9ATFy66eO08Z
2EMAnMvWE2eb56ToJVfCWs,Bryson Tiller,3,related,7kFfY4UjNdNyaeUgLIEbIF
2EMAnMvWE2eb56ToJVfCWs,Bryson Tiller,3,related,4IVAbR2w4JJNJDDRFP3E83
1ooV8YZC1KbpEcrmI8WH0F,Yebba,3,,
1ooV8YZC1KbpEcrmI8WH0F,Yebba,3,explored,57vWImR43h4CaDao012Ofp
1ooV8YZC1KbpEcrmI8WH0F,Yebba,3,explored,20wkVLutqVOYrc0kxFs7rA
1ooV8YZC1KbpEcrmI8WH0F,Yebba,3,explored,0fGcIStdT1OpFFhOC7Wp36
1ooV8YZC1KbpEcrmI8WH0F,Yebba,3,explored,0nnBZ8FXWjG9wZgM2cpfeb
1ooV8YZC1KbpEcrmI8WH0F,Yebba,3,explored,1U1el3k54VvEUzo3ybLPlM
1ooV8YZC1KbpEcrmI8WH0F,Yebba,3,related,2h93pZq0e7k5yf4dywlkpM
1ooV8YZC1KbpEcrmI8WH0F,Yebba,3,related,4V8LLVI7PbaPR0K2TGSxFF
1ooV8YZC1KbpEcrmI8WH0F,Yebba,3,related,3tlXnStJ1fFhdScmQeLpuG
1ooV8YZC1KbpEcrmI8WH0F,Yebba,3,related,73sIBHcqh3Z3NyqHKZ7FOL
1ooV8YZC1KbpEcrmI8WH0F,Yebba,3,related,4Gso3d4CscCijv0lmajZWs
1ooV8YZC1KbpEcrmI8WH0F,Yebba,3,related,4fxd5Ee7UefO4CUXgwJ7IP
1ooV8YZC1KbpEcrmI8WH0F,Yebba,3,related,7tYKF4w9nC0nq9CsPZTHyP
1ooV8YZC1KbpEcrmI8WH0F,Yebba,3,related,3TVXtAsR1Inumwj472S9r4
1ooV8YZC1KbpEcrmI8WH0F,Yebba,3,related,360IAlyVv4PCEVjgyMZrxK
1ooV8YZC1KbpEcrmI8WH0F,Yebba,3,related,2HPaUgqeutzr3jx5a9WyDV
1ooV8YZC1KbpEcrmI8WH0F,Yebba,3,related,13ubrt8QOOCPljQ2FL1Kca
1ooV8YZC1KbpEcrmI8WH0F,Yebba,3,related,2YZyLoL8N0Wb9xBt1NhZWg
1ooV8YZC1KbpEcrmI8WH0F,Yebba,3,related,5K4W6rqBFWDnAN6FQUkS6x
1ooV8YZC1KbpEcrmI8WH0F,Yebba,3,related,4HzKw8XcD0piJmDrrPRCYk
1ooV8YZC1KbpEcrmI8WH0F,Yebba,3,related,2ICR2m4hOBPhaYiZB3rnLW
4xPQFgDA5M2xa0ZGo5iIsv,¥$,3,,
4xPQFgDA5M2xa0ZGo5iIsv,¥$,3,explored,1WaFQSHVGZQJTbf0BdxdNo
4xPQFgDA5M2xa0ZGo5iIsv,¥$,3,explored,1DN9Pgv4fiAaRSSgiisj5G
4xPQFgDA5M2xa0ZGo5iIsv,¥$,3,related,0iEtIxbK0KxaSlF7G42ZOp
4xPQFgDA5M2xa0ZGo5iIsv,¥$,3,related,0Y5tJX1MQlPlqiwlOH1tJY
4xPQFgDA5M2xa0ZGo5iIsv,¥$,3,related,13ubrt8QOOCPljQ2FL1Kca
4xPQFgDA5M2xa0ZGo5iIsv,¥$,3,related,1URnnhqYAYcrqrcwql10ft
4xPQFgDA5M2xa0ZGo5iIsv,¥$,3,related,1RyvyyTE3xzB2ZywiAwp0i
4xPQFgDA5M2xa0ZGo5iIsv,¥$,3,related,699OTQXzgjhIYAHMy9RyPD
4xPQFgDA5M2xa0ZGo5iIsv,¥$,3,related,5K4W6rqBFWDnAN6FQUkS6x
4xPQFgDA5M2xa0ZGo5iIsv,¥$,3,related,4Gso3d4CscCijv0lmajZWs
4xPQFgDA5M2xa0ZGo5iIsv,¥$,3,related,5SXuuuRpukkTvsLuUknva1
4xPQFgDA5M2xa0ZGo5iIsv,¥$,3,related,6icQOAFXDZKsumw3YXyusw
4xPQFgDA5M2xa0ZGo5iIsv,¥$,3,related,0fGcIStdT1OpFFhOC7Wp36
4xPQFgDA5M2xa0ZGo5iIsv,¥$,3,related,2YZyLoL8N0Wb9xBt1NhZWg
4xPQFgDA5M2xa0ZGo5iIsv,¥$,3,related,7c0XG5cIJTrrAgEC3ULPiq
4xPQFgDA5M2xa0ZGo5iIsv,¥$,3,related,0VRj0yCOv2FXJNP47XQnx5
4xPQFgDA5M2xa0ZGo5iIsv,¥$,3,related,2sF5nNXnrrsCPZlt8ZpyGd
4xPQFgDA5M2xa0ZGo5iIsv,¥$,3,related,0YinUQ50QDB7ZxSCLyQ40k
4xPQFgDA5M2xa0ZGo5iIsv,¥$,3,related,4Ga1P7PMIsmqEZqhYZQgDo
4xPQFgDA5M2xa0ZGo5iIsv,¥$,3,related,3qiHUAX7zY4Qnjx8TNUzVx
73sIBHcqh3Z3NyqHKZ7FOL,Childish Gambino,4,,
5IcR3N7QB1j6KBL8eImZ8m,ScHoolboy Q,4,,
4LLpKhyESsyAXpc4laK94U,Mac Miller,4,,
2h93pZq0e7k5yf4dywlkpM,Frank Ocean,4,,
4V8LLVI7PbaPR0K2TGSxFF,"Tyler, The Creator",4,,
2RdwBSPQiwcmiDo9kixcl8,Pharrell Williams,4,,
7tYKF4w9nC0nq9CsPZTHyP,SZA,4,,
3nFkdlSjzX9mRTtwJOzDYB,JAY-Z,4,,
1G9G7WwrXka3Z1r7aIDjI7,Outkast,4,,
3q7HBObVc0L8jNeTe5Gofh,50 Cent,4,,
2ODbg2404zUzTi02qIPEjB,Tay-K,4,,
6QtgPSJPSzcnn7dPZ4VINp,King Von,4,,
3IaKn0ExWTMPqa0mscUYw3,Only The Family,4,,
3x3jSlhyv5CiCZDZlaTq0M,Pi’erre Bourne,4,,
1xgl9yxqIVq8PEEMai38uV,tana,4,,
46HzS7yz0c9udVwtbHk1sx,Cochise,4,,
7GuUYiGZOzQwq4L6gAfy1T,SahBabii,4,,
5ySK6tR70ZunnmPEHCrCwF,void,4,,
5LHRHt1k9lMyONurDHEdrp,Tyga,4,,
6vXTefBL93Dj5IqAWq6OTv,French Montana,4,,
7bXgB6jMjp9ATFy66eO08Z,Chris Brown,4,,
3KV3p5EY4AvKxOlhGHORLg,Jeremih,4,,
2LIk90788K0zvyj2JJVwkJ,Jack Harlow,4,,
137W8MRPWKqSmrBGDBFSop,Wiz Khalifa,4,,
3aQeKQSyrW4qWr35idm0cy,T-Pain,4,,
4OBJLual30L7gRl5UkeRcT,T.I.,4,,
70gP6Ry4Uo0Yx6uzPIdaiJ,Bas,4,,
5cj0lLjcoR7YOSnhnX0Po5,Doja Cat,4,,
3hteYQFiMFbJY7wS0xDymP,Gesaffelstein,4,,
5pKCCKE2ajJHZ9KAiaK11H,Rihanna,4,,
1pBLC0qVRTB5zVMuteQ9jJ,Lily-Rose Depp,4,,
0du5cEVh5yTK9QJze8zA0C,Bruno Mars,4,,
5XenQ7XfcvQdfIbpLEFaKQ,GoldLink,4,,
0NWbwDZY1VkRqFafuQm6wk,Mike WiLL Made-It,4,,
0A0FS04o6zMoto8OKPsDwY,YG,4,,
5g63iWaMJ2UrkZMkCC8dMi,Lil Tracy,4,,
1VKWlHqcqwmU9CGKkJR09R,Nedarb,4,,
0LBfcXnrLErD1afLyzB2xA,Horse Head,4,,
1VPmR4DJC1PlOtd0IADAO0,$uicideboy$,4,,
4XWaILHqySwH1y6LhlYcsb,ilyTOMMY,4,,
6LuN9FCkKOj5PcnpouEgny,Khalid,4,,
246dkjvS1zLTtiykXe5h60,Post Malone,4,,
540vIaP2JwjQb9dm3aArA4,DJ Snake,4,,
02kJSzxNuaWGqwubyUba0Z,G-Eazy,4,,
7jVv8c5Fj3E9VhNjxT4snq,Lil Nas X,4,,
6DPYiyq5kWVQS4RGwxzPC7,Dr. Dre,4,,
7hJcb9fa4alzcOq3EaNPoG,Snoop Dogg,4,,
3y24n3XhZ96wgwRXjvS17T,Coolio,4,,
0z4gvV4rjIZ9wHck67ucSV,Akon,4,,
1ZwdS5xdxEREPySFridCfh,2Pac,4,,
1uNFoZAHBGtllmzznpCI3s,Justin Bieber,4,,
5fMUXHkw8R8eOP2RNVYEZX,Diplo,4,,
45dkTj5sMRSjrmBSBeiHym,Tate McRae,4,,
5CiGnKThu5ctn9pBxv7DGa,benny blanco,4,,
64KEffDW9EtZ1y2vBYgq8T,Marshmello,4,,
6PXS4YHDkKvl1wkIl4V8DL,Fetty Wap,4,,
5M0lbkGluOPXLeFjApw8r8,DRAM,4,,
7pFeBzX627ff0VnN6bxPR4,Desiigner,4,,
2hWs22BmQkK4czFtDLnar2,Rob $tone,4,,
4qBgvVog0wzW75IQ48mU7v,KYLE,4,,
14CHVeJGrR5xgUGQFV5BVM,Fivio Foreign,4,,
5QdEbQJ3ylBnc3gsIASAT5,G Herbo,4,,
45gHcnDnMC15sgx3VL7ROG,42 Dugg,4,,
7wlFDEWiM5OoIAt8RSli8b,YoungBoy Never Broke Again,4,,
6AUl0ykLLpvTktob97x9hO,Tee Grizzley,4,,
45TgXXqMDdF8BkjA83OM7z,Rod Wave,4,,
1tG7s7S4sq2eFFW0QZyLbm,Sheff G,4,,
0WK3H9OErSn5zKOkOV5egm,DDG,4,,
0X3nsc84A9qlFilmlWNwQb,Scorey,4,,
6Vy1VMVCyTgbcmA1iz0QFg,Eli Fross,4,,
21WS9wngs9AqFckK7yYJPM,PnB Rock,4,,
5H4yInM5zmHqpKIoMNAx4r,Central Cee,4,,
2HUwZ0kumzCSlhFcjFZfpp,Flipp Dinero,4,,
7gZfnEnfiaHzxARJ2LeXrf,6ix9ine,4,,
3wyVrVrFCkukjdVIdirGVY,Lil Pump,4,,
6pb2Dl1FHK081UKW6aUqgF,Master Kato,4,,
2gGtD7OGXbNZAY3oCZvZqA,Rob Vicious,4,,
24CgJHK6T7C5OmUbiLLMjJ,Luh Kel,4,,
4tMm1dU6Gn04VAZ9ClHcIZ,Jacquees,4,,
02ZtVIjKL1PYLlMmP1sz0h,Layton Greene,4,,
7kFfY4UjNdNyaeUgLIEbIF,DeJ Loaf,4,,
0HkcYmcjrBR3SCw9Ld5VZk,Calboy,4,,
44IvvHRk2XF243QLA2VOa8,Stunna 4 Vegas,4,,
71jSVPQ6yskfyvWeiwvT5s,S1mba,4,,
5KYEMMz9O9iLIESifKAEOp,WhoHeem,4,,
2PaZWGu5T5nHjY2xxAkFsT,THE SCOTTS,4,,
1xr2G8Hlx4QWmT9HaUbmoO,Young Stoner Life,4,,
7uaIm6Pw7xplS8Dy06V6pT,Trevor Daniel,4,,
1uU7g3DNSbsu0QjSEqZtEd,Masked Wolf,4,,
0bBz5bRBkExaej2HxtVfCw,347aidan,4,,
0H39MdGGX6dbnnQPt6NQkZ,SAINt JHN,4,,
7FGjkq9WfrRmBFL64ST0p9,KillBunk,4,,
4mkjpWbFO45SyaHiM9GOVE,2KBABY,4,,
138UAIyJocdHT5PpR0iTJE,Thekidszn,4,,
5MIXBzwGNeUeFAS0o3XBXL,Dustystaytrue,4,,
3XYVGehxrRKN0Rt5Rp7e8w,Moxas,4,,
6USMTwO0MNDnKte5a5h0xx,Y2K,4,,
5UjifI1TYefXWn9GdqDOHl,Social House,4,,
4GvEc3ANtPPjt1ZJllr5Zl,Bazzi,4,,
6bmlMHgSheBauioMgKv2tn,Powfu,4,,
6TIYQ3jFPwQSRmorSezPxX,mgk,4,,
4iDroUFo89Y7YBsdDTBmTD,Sueco,4,,
3M9XAM57a4qFz3v6Lq27t2,Kellin Quinn,4,,
3u2R8st1bb6zfBqNWceRXG,MOD SUN,4,,
6Y64EaNqpqcZYTgs4c76gF,jxdn,4,,
26VFTg2z8YR0cCuwLzESi2,Halsey,4,,
1o2NpYGqHiCq7FoiYdyd1x,Bea Miller,4,,
55fhWPvDiMpLnE4ZzNXZyW,Noah Cyrus,4,,
5IH6FPUwQTxPSXurCrcIov,Alec Benjamin,4,,
64M6ah0SkkRsnPGtGiRAbb,Bebe Rexha,4,,
6qxpnaukVayrQn6ViNvu9I,BigXthaPlug,4,,
3Rx4PJ7SP6unkOk5elPUK7,Money Man,4,,
3BAgmPNIK5IJl7zMK1wvMA,That Mexican OT,4,,
4FlG0V0jhLO4qGpayFOphj,EST Gee,4,,
5F1aAS1duwlzExnPs3l2Xe,Pooh Shiesty,4,,
6RuutbNl5ny8LAf1uSK3fS,CEO Trayle,4,,
3VrGfWE8YdYMK4ySpnE0ly,Lyrical Lemonade,4,,
23xFbA9rYgRX8mreqysWPc,BossMan Dlow,4,,
1iwUuIOKYjV7SKIg27v4zi,Real Boston Richey,4,,
0Njy6yR9LykNKYg9yE23QN,Nardo Wick,4,,
1GVenmuuAtusi17LY6FvgI,Skilla Baby,4,,
372IgXgnCt4wlfumrMTIOs,Big Boogie,4,,
4Q7FV4mw6Q3va79JwftGRv,BabyDrill,4,,
1t22AdiJ8P9eXOnoJ8xPJT,YTB Fatt,4,,
1J1pGfTqp5ReVIX8Z1Wzsg,BabyChiefDoit,4,,
0B3kMiB21aPQlKumGDr4c7,Veeze,4,,
3zZ88AwlTwfCJkowsFCvLA,Babyface Ray,4,,
6UIpxj5ggLdOebFVCOxVax,Loe Shimmy,4,,
6HHAJjAD9nZ2GftcwEf8r5,1900Rugrat,4,,
7a8ZndeHGrkS7xIM8060Xw,Babyfxce E,4,,
3YYbAExunnHv5pW7GUZefk,DC The Don,4,,
0yknvLWQZxwsMjhUhwWZQ8,41,4,,
0hF6lbAjRsq4svrQUr5sgU,Kyle Richh,4,,
79NDEw5QWlDC9KaIbogNhS,PlaqueBoyMax,4,,
5QnWJJjxPlTSN59B8yJoOk,507KAZ,4,,
68kEuyFKyqrdQQLLsmiatm,Vince Staples,4,,
6aiFCgyKNwF9Rv5TOxnE8E,IDK,4,,
4mwdnO2jZrMmMVrjcHsZBv,Kenny Mason,4,,
5MbNzCW3qokGyoo9giHA3V,EARTHGANG,4,,
0ONHkAv9pCAFxb0zJwDNTy,Pusha T,4,,
2P5sC9cVZDToPxyomzF1UH,Joey Bada$$,4,,
2J257euzcjnDLipsyJH3F2,Clipse,4,,
4P4gZvRYiVpvtCkmd37jRM,Malice,4,,
1anyVhU62p31KFi8MEzkbf,Chance the Rapper,4,,
0Y4inQK6OespitzD6ijMwb,Freddie Gibbs,4,,
01QTIT5P1pFP3QnnFSdsJf,Lupe Fiasco,4,,
67hb7towEyKvt5Z8Bx306c,Empire Of The Sun,4,,
75WcpJKWXBV3o3cfluWapK,Lute,4,,
0huGjMyP507tBCARyzSkrv,Cordae,4,,
5oFkj1qSlyBUmV5d6Edgtq,Cozz,4,,
5j1BNsC9xeWGfBVCzzg6fc,Omen,4,,
5usbqiU7sjvszjWecANDL6,WESTSIDE BOOGIE,4,,
0lZ2oIRdMsQfFEPmOa3YyL,TWXN,4,,
0o7iCloKX9GUlm2mdPFNQm,LL Clawz,4,,
6nFBSlEb2tkIOH3YtIIw6F,Dom Corleo,4,,
71UHb0juSLfDoktgvCELin,hako,4,,
5A7T1LAGJg5NXySBoIKUmF,Che,4,,
26eGG7CE0RRncI7vGhZAJY,Playuncle Farti,4,,
7p9z8XOXVNeBNvs9EOxX2W,Glokk40Spaz,4,,
2JJuMFyGSGUltwqf32E8YT,Ifys,4,,
5Z9mvkWNEpiKVQ36xVkMfe,NGeeYL,4,,
6hpztnbgmaneFFGGnEOVjd,sosocamo,4,,
4M5b70A8aORXdyJVjRJ8du,Fimiguerrero,4,,
0ICav5bjbDMIrFMa4BGS1d,BABY BOI,4,,
6Qhoxy3TZE0E9o7AbcsRjJ,gorn,4,,
3iwgpA6jf4fXM5ZuH7qglb,jahhde,4,,
1EM110Ljwqga6grZH2Dym3,Hardrock,4,,
2LakckgvXEtJlKOYP6BO11,Lancey Foux,4,,
7tFehEdzjjoeiwUExR89qs,Kankan,4,,
6NmvwMFvNRQmWdW5N1nxsC,F1LTHY,4,,
1OuuJcg5OofM36OyEzoB2X,CHASETHEMONEY,4,,
6RcgNRwyY9YNTXd9luk8JW,Lelo,4,,
6gpLXhxeNFNiz38dyNqJ1C,Manny Laurenko,4,,
15oLsNy8mZYaIukh4eDhXy,Baby Smoove,4,,
2oM7LMPFu882oC6jSwEqjd,xaviersobased,4,,
089ASSwOW4Cih3frNuDtUv,1oneam,4,,
14Ah9L7Sei8VOOty0tZrOR,Protect,4,,
5hv30sKujjm0PyqD2j4v9n,Lil O,4,,
37v7VwiEJ4ImKCmCrA2Z6a,Swapa,4,,
7t6PzXRwTR6eb4lNHxyhIC,Benji Blue Bills,4,,
1IppGzPqPv70sKbraW5Q2L,Baby Kia,4,,
7odc1yu6mbQ91fsh0KK5SJ,DJ Ess,4,,
1KVpqmrI8SIVWjipMC1FZl,Barretta,4,,
35p0E369bhZIcqcdEVLMes,DJ PHAT,4,,
3J3ngZn7GjzjwCPBkqtz65,prettifun,4,,
0t9kdK9L3xwr7T2xt8G80H,phreshboyswag,4,,
1RzVNEaHBp6O1tK9NgjnbT,echstacy,4,,
2Ltzex0JQrDiei63A1N4iP,maxon,4,,
5delTPpDAtBDsjk60f5xnt,Autumn!,4,,
2SPxiIMMkdVY00DphiIjxR,Jace!,4,,
5fBcVfTWenqUDOYR5SjzEQ,Duwap Kaine,4,,
7mJfqlklKtA6sHkavWth09,Izaya Tiji,4,,
4mAsHgZzoZvU0eMbHOB60X,Yhapojj,4,,
4yBK75WVCQXej1p04GWqxH,Jeezy,4,,
5oNgAs7j5XcBMzWv3HAnHG,DJ Drama,4,,
5OrB6Jhhrl9y2PK0pSV4VP,Young Money,4,,
41klVmDluQZmGGqoidNfbe,Blac Youngsta,4,,
1Zatb2YN4erBOoSivOXc0o,O.T. Genasis,4,,
1gPhS1zisyXr5dHTYZyiMe,Kevin Gates,4,,
35sCXuy5gN6Or69rZ9vqBs,Birdman,4,,
5lHRUCqkQZCIWeX7xG4sYT,Rich Homie Quan,4,,
26s8LSolLfCIY88ysQbIuT,Three 6 Mafia,4,,
08Ld63UgKrJ0nZnCkzHtzc,Project Pat,4,,
3ZooCJzNMTLpmJaIRUEorI,Young Dro,4,,
6f4XkbvYlXMH0QgVRzW0sM,Waka Flocka Flame,4,,
0bfX8pF8kuHNCs57Ms4jZb,Roscoe Dash,4,,
65smG2lgnRmrDB8g7z1hG0,Paper Route EMPIRE,4,,
4nZmMrwH6LxHnCzQv4IFUE,BIG30,4,,
579LsvZcRVKtToYjS0tkKz,Big Scarr,4,,
72ltK39qT3DgtiCZgOAaGs,SNUPE BANDZ,4,,
5iyTbismzdvyjpjIuhKRvX,Foogiano,4,,
0NbfKEOTQCcwd6o7wSDOHI,The Game,4,,
67nwj3Y5sZQLl72VNUHEYE,Wale,4,,
5me0Irg2ANcsgc93uaYrpb,The Notorious B.I.G.,4,,
20qISvAhX20dpIbOOzGK3q,Nas,4,,
4xRYI6VqpkE3UwrDrAZL8L,Logic,4,,
2HWXxzgBIr0RMSZmvMZeJU,Almighty Jay,4,,
1iJdyDcY98X3GMnUesl7tf,Comethazine,4,,
5SyGEPymt1G2uto47tVWvZ,MadeinTYO,4,,
1m7LSAMIB1BErIHYSOn32W,DJ Scheme,4,,
5lCY3tqdQxbeg5igSlObaT,Nebu Kiniza,4,,
04ei5kNgmDuNAydFhhIHnD,Landon Cube,4,,
5IbEL2xjRtKsunfmsahLuO,$NOT,4,,
21dooacK2WGBB5amYvKyfM,Smokepurpp,4,,
3EXdLajEO02ziZ90P90bSW,Lil Xan,4,,
61qMnYXa1GxSBoV3IiYKjZ,Yung Pinch,4,,
4TEJudQY2pXxVHPE3gD2EU,BlocBoy JB,4,,
2J6pigOrBmKQgqJUY5UM7r,Matt OX,4,,
3Fdm9TFJQCLmC3AWMuGExi,Ugly God,4,,
0umhtjpC8x3Dg7UXDNUzmX,No Jumper,4,,
7yO4IdJjCEPz7YgZMe25iS,A$AP Mob,4,,
3tlXnStJ1fFhdScmQeLpuG,Brent Faiyaz,4,,
2ICR2m4hOBPhaYiZB3rnLW,Sonder,4,,
57LYzLEk2LcFghVwuWbcuS,Summer Walker,4,,
5ZS223C6JyBfXasXxrRqOk,Jhené Aiko,4,,
360IAlyVv4PCEVjgyMZrxK,Miguel,4,,
4HzKw8XcD0piJmDrrPRCYk,Majid Jordan,4,,
4IVAbR2w4JJNJDDRFP3E83,6LACK,4,,
4fxd5Ee7UefO4CUXgwJ7IP,GIVĒON,4,,
3Y7RZ31TRPVadSFVy1o8os,H.E.R.,4,,
1Xfmvd48oOhEWkscWyEbh9,Lloyd,4,,
0cGUm45nv7Z6M6qdXYQGTX,Kehlani,4,,
7mDU6nMUJnOSY2Hkjz5oqM,Roy Woods,4,,
57vWImR43h4CaDao012Ofp,Steve Lacy,4,,
20wkVLutqVOYrc0kxFs7rA,Daniel Caesar,4,,
0fGcIStdT1OpFFhOC7Wp36,Teezo Touchdown,4,,
0nnBZ8FXWjG9wZgM2cpfeb,Leon Thomas,4,,
1U1el3k54VvEUzo3ybLPlM,Kali Uchis,4,,
1WaFQSHVGZQJTbf0BdxdNo,Tommy Richman,4,,
1DN9Pgv4fiAaRSSgiisj5G,FELIX!,4,,
